/*
SQLyog Ultimate v11.11 (32 bit)
MySQL - 5.6.17 : Database - oldenburg
*********************************************************************
*/

/*!40101 SET NAMES utf8 */;

/*!40101 SET SQL_MODE=''*/;

/*!40014 SET @OLD_UNIQUE_CHECKS=@@UNIQUE_CHECKS, UNIQUE_CHECKS=0 */;
/*!40014 SET @OLD_FOREIGN_KEY_CHECKS=@@FOREIGN_KEY_CHECKS, FOREIGN_KEY_CHECKS=0 */;
/*!40101 SET @OLD_SQL_MODE=@@SQL_MODE, SQL_MODE='NO_AUTO_VALUE_ON_ZERO' */;
/*!40111 SET @OLD_SQL_NOTES=@@SQL_NOTES, SQL_NOTES=0 */;
CREATE DATABASE /*!32312 IF NOT EXISTS*/`oldenburg` /*!40100 DEFAULT CHARACTER SET utf8 */;

USE `oldenburg`;

/*Table structure for table `ip_administrator` */

DROP TABLE IF EXISTS `ip_administrator`;

CREATE TABLE `ip_administrator` (
  `id` int(11) NOT NULL AUTO_INCREMENT,
  `username` varchar(255) NOT NULL DEFAULT '',
  `hash` text NOT NULL,
  `email` varchar(255) NOT NULL DEFAULT '',
  `resetSecret` varchar(32) DEFAULT NULL,
  `resetTime` int(11) DEFAULT NULL,
  PRIMARY KEY (`id`),
  UNIQUE KEY `username` (`username`)
) ENGINE=MyISAM AUTO_INCREMENT=2 DEFAULT CHARSET=utf8;

/*Data for the table `ip_administrator` */

insert  into `ip_administrator`(`id`,`username`,`hash`,`email`,`resetSecret`,`resetTime`) values (1,'admin','$P$BLrFhzF8EQ7quFCY65mlG84seiejLP0','test@oldenburg.dev',NULL,NULL);

/*Table structure for table `ip_carta` */

DROP TABLE IF EXISTS `ip_carta`;

CREATE TABLE `ip_carta` (
  `id` int(11) NOT NULL AUTO_INCREMENT,
  `row_number` double DEFAULT '0',
  `image` varchar(255) DEFAULT NULL,
  `creation_date` timestamp NULL DEFAULT CURRENT_TIMESTAMP,
  `title` varchar(255) DEFAULT NULL,
  `link` varchar(255) DEFAULT NULL,
  PRIMARY KEY (`id`)
) ENGINE=InnoDB AUTO_INCREMENT=9 DEFAULT CHARSET=utf8;

/*Data for the table `ip_carta` */

insert  into `ip_carta`(`id`,`row_number`,`image`,`creation_date`,`title`,`link`) values (1,1,'belgas.jpg','2016-05-18 17:44:01','Belgas','07_Belgas_1.pdf'),(2,1,'belgas.jpg','2016-05-18 17:44:01','Sin alcohol','07_Belgas_1.pdf'),(4,1,'belgas.jpg','2016-05-18 17:44:01','75cl','07_Belgas_1.pdf'),(5,1,'belgas.jpg','2016-05-18 17:44:01','Otros países','07_Belgas_1.pdf'),(6,1,'belgas.jpg','2016-05-18 17:44:01','Holandesas','07_Belgas_1.pdf'),(7,1,'belgas.jpg','2016-05-18 17:44:01','Inglesas','07_Belgas_1.pdf'),(8,1,'belgas.jpg','2016-05-18 17:44:01','Alemanas','07_Belgas_1.pdf');

/*Table structure for table `ip_email_queue` */

DROP TABLE IF EXISTS `ip_email_queue`;

CREATE TABLE `ip_email_queue` (
  `id` int(11) NOT NULL AUTO_INCREMENT,
  `email` mediumtext NOT NULL,
  `to` varchar(255) NOT NULL,
  `toName` varchar(255) DEFAULT NULL,
  `from` varchar(255) NOT NULL,
  `fromName` varchar(255) DEFAULT NULL,
  `subject` varchar(255) NOT NULL,
  `immediate` tinyint(1) NOT NULL DEFAULT '0',
  `html` tinyint(1) NOT NULL,
  `send` timestamp NULL DEFAULT NULL,
  `lock` varchar(32) DEFAULT NULL,
  `lockedAt` timestamp NOT NULL DEFAULT '0000-00-00 00:00:00',
  `files` mediumtext,
  `fileNames` mediumtext,
  `fileMimeTypes` mediumtext NOT NULL,
  PRIMARY KEY (`id`)
) ENGINE=MyISAM DEFAULT CHARSET=utf8;

/*Data for the table `ip_email_queue` */

/*Table structure for table `ip_eventos` */

DROP TABLE IF EXISTS `ip_eventos`;

CREATE TABLE `ip_eventos` (
  `id` int(11) NOT NULL AUTO_INCREMENT,
  `row_number` double DEFAULT '0',
  `title` varchar(255) DEFAULT NULL,
  `image` varchar(255) DEFAULT NULL,
  `description` text,
  `date` timestamp NULL DEFAULT NULL,
  `creation_date` timestamp NULL DEFAULT CURRENT_TIMESTAMP,
  PRIMARY KEY (`id`)
) ENGINE=InnoDB AUTO_INCREMENT=2 DEFAULT CHARSET=utf8;

/*Data for the table `ip_eventos` */

insert  into `ip_eventos`(`id`,`row_number`,`title`,`image`,`description`,`date`,`creation_date`) values (1,1,'Evento de prueba','diciembre_2013.jpg','Evento de prueba','2016-05-12 20:30:00','2016-05-19 19:30:03');

/*Table structure for table `ip_inline_value_global` */

DROP TABLE IF EXISTS `ip_inline_value_global`;

CREATE TABLE `ip_inline_value_global` (
  `plugin` varchar(100) NOT NULL,
  `key` varchar(100) NOT NULL,
  `value` text NOT NULL,
  PRIMARY KEY (`plugin`,`key`)
) ENGINE=MyISAM DEFAULT CHARSET=utf8;

/*Data for the table `ip_inline_value_global` */

/*Table structure for table `ip_inline_value_language` */

DROP TABLE IF EXISTS `ip_inline_value_language`;

CREATE TABLE `ip_inline_value_language` (
  `plugin` varchar(100) NOT NULL,
  `key` varchar(100) NOT NULL,
  `languageId` int(11) NOT NULL,
  `value` text NOT NULL,
  PRIMARY KEY (`plugin`,`key`,`languageId`)
) ENGINE=MyISAM DEFAULT CHARSET=utf8;

/*Data for the table `ip_inline_value_language` */

insert  into `ip_inline_value_language`(`plugin`,`key`,`languageId`,`value`) values ('inline_management','txt_news_title4',1,''),('inline_management','txt_carta_text4',1,'<p>La Cerveceria Oldenburg de Madrid, conocida por su Record Guinness, pone a la venta todo tipo de cervezas y comidas vía Web. A través de esta página podrás adquirir las tan selectas cervezas que tienes el placer de degustar en el local y por si esto no fuera suficiente, cuentas con la total confianza de más de 25 años de experiencia. Además estarás asesorado en todo momento por el maestro cervecero Jose Luis Ramírez y Juan Carlos Cabezón. Si tienes alguna duda con tu elección de las cervezas o cualquier otro tema relacionado con ellas, no dudes en ponerte en contacto con ellos. En la parte inferior de la página encontrarás todas las cervezas que ofertamos y también podrás descargar la carta completa en formato PDF.</p>'),('inline_management','txt_carta_title4',1,'<p>Carta</p>');

/*Table structure for table `ip_inline_value_page` */

DROP TABLE IF EXISTS `ip_inline_value_page`;

CREATE TABLE `ip_inline_value_page` (
  `plugin` varchar(100) NOT NULL,
  `key` varchar(100) NOT NULL,
  `pageId` int(11) NOT NULL,
  `value` text NOT NULL,
  PRIMARY KEY (`plugin`,`key`,`pageId`)
) ENGINE=MyISAM DEFAULT CHARSET=utf8;

/*Data for the table `ip_inline_value_page` */

/*Table structure for table `ip_language` */

DROP TABLE IF EXISTS `ip_language`;

CREATE TABLE `ip_language` (
  `id` int(11) NOT NULL AUTO_INCREMENT,
  `abbreviation` varchar(255) NOT NULL DEFAULT '',
  `title` varchar(255) NOT NULL DEFAULT '',
  `languageOrder` double NOT NULL DEFAULT '0',
  `isVisible` int(1) NOT NULL DEFAULT '0',
  `url` varchar(255) NOT NULL DEFAULT '',
  `code` varchar(255) NOT NULL,
  `textDirection` varchar(10) NOT NULL DEFAULT 'ltr',
  PRIMARY KEY (`id`)
) ENGINE=MyISAM AUTO_INCREMENT=3 DEFAULT CHARSET=utf8;

/*Data for the table `ip_language` */

insert  into `ip_language`(`id`,`abbreviation`,`title`,`languageOrder`,`isVisible`,`url`,`code`,`textDirection`) values (1,'EN','English',2,1,'','en','ltr');

/*Table structure for table `ip_log` */

DROP TABLE IF EXISTS `ip_log`;

CREATE TABLE `ip_log` (
  `id` int(11) NOT NULL AUTO_INCREMENT,
  `time` timestamp NOT NULL DEFAULT CURRENT_TIMESTAMP,
  `level` varchar(255) NOT NULL,
  `message` varchar(255) DEFAULT NULL,
  `context` mediumtext,
  PRIMARY KEY (`id`),
  KEY `time` (`time`),
  KEY `message` (`message`)
) ENGINE=MyISAM AUTO_INCREMENT=379 DEFAULT CHARSET=utf8;

/*Data for the table `ip_log` */

insert  into `ip_log`(`id`,`time`,`level`,`message`,`context`) values (1,'2016-04-26 20:32:42','info','Admin.loggedIn: {username} from {ip}','{\"username\":\"admin\",\"ip\":\"127.0.0.1\"}'),(2,'2016-04-26 20:32:43','info','Cron.started','{\"firstTimeThisYear\":true,\"firstTimeThisMonth\":true,\"firstTimeThisWeek\":true,\"firstTimeThisDay\":true,\"firstTimeThisHour\":true,\"lastTime\":null,\"test\":null}'),(3,'2016-04-26 20:32:43','info','Cron.finished','[]'),(4,'2016-04-26 21:00:40','info','Cron.started','{\"firstTimeThisYear\":false,\"firstTimeThisMonth\":false,\"firstTimeThisWeek\":false,\"firstTimeThisDay\":false,\"firstTimeThisHour\":true,\"lastTime\":1461695563,\"test\":null}'),(5,'2016-04-26 21:00:40','info','Cron.finished','[]'),(6,'2016-04-26 21:32:38','info','Admin.incorrectLogin: {username} from {ip}','{\"username\":\"root\",\"ip\":\"127.0.0.1\"}'),(7,'2016-04-26 21:32:39','info','Admin.incorrectLogin: {username} from {ip}','{\"username\":\"root\",\"ip\":\"127.0.0.1\"}'),(8,'2016-04-26 21:32:42','info','Admin.loggedIn: {username} from {ip}','{\"username\":\"admin\",\"ip\":\"127.0.0.1\"}'),(9,'2016-04-26 21:32:54','info','Ip.pluginActivated: {plugin} {version} activated.','{\"plugin\":\"MRSlider\",\"version\":\"1\"}'),(10,'2016-04-26 21:38:07','info','Admin.loggedIn: {username} from {ip}','{\"username\":\"admin\",\"ip\":\"127.0.0.1\"}'),(11,'2016-04-26 21:38:58','error','Notice: Undefined index: title in {file}:{line}','{\"file\":\"D:\\\\Mierdas variaas\\\\Oldenburg\\\\src\\\\Plugin\\\\MRSlider\\\\Widget\\\\Slider\\\\Skin\\\\default.php\",\"line\":8}'),(12,'2016-04-26 21:38:58','error','Notice: Undefined index: subtitle in {file}:{line}','{\"file\":\"D:\\\\Mierdas variaas\\\\Oldenburg\\\\src\\\\Plugin\\\\MRSlider\\\\Widget\\\\Slider\\\\Skin\\\\default.php\",\"line\":12}'),(13,'2016-04-26 21:38:58','error','Notice: Undefined index: video in {file}:{line}','{\"file\":\"D:\\\\Mierdas variaas\\\\Oldenburg\\\\src\\\\Plugin\\\\MRSlider\\\\Widget\\\\Slider\\\\Skin\\\\default.php\",\"line\":15}'),(14,'2016-04-26 21:38:58','error','Notice: Undefined index: title in {file}:{line}','{\"file\":\"D:\\\\Mierdas variaas\\\\Oldenburg\\\\src\\\\Plugin\\\\MRSlider\\\\Widget\\\\Slider\\\\Skin\\\\default.php\",\"line\":8}'),(15,'2016-04-26 21:38:58','error','Notice: Undefined index: subtitle in {file}:{line}','{\"file\":\"D:\\\\Mierdas variaas\\\\Oldenburg\\\\src\\\\Plugin\\\\MRSlider\\\\Widget\\\\Slider\\\\Skin\\\\default.php\",\"line\":12}'),(16,'2016-04-26 21:38:58','error','Notice: Undefined index: video in {file}:{line}','{\"file\":\"D:\\\\Mierdas variaas\\\\Oldenburg\\\\src\\\\Plugin\\\\MRSlider\\\\Widget\\\\Slider\\\\Skin\\\\default.php\",\"line\":15}'),(17,'2016-04-26 21:39:20','error','Notice: Undefined index: title in {file}:{line}','{\"file\":\"D:\\\\Mierdas variaas\\\\Oldenburg\\\\src\\\\Plugin\\\\MRSlider\\\\Widget\\\\Slider\\\\Skin\\\\default.php\",\"line\":8}'),(18,'2016-04-26 21:39:20','error','Notice: Undefined index: subtitle in {file}:{line}','{\"file\":\"D:\\\\Mierdas variaas\\\\Oldenburg\\\\src\\\\Plugin\\\\MRSlider\\\\Widget\\\\Slider\\\\Skin\\\\default.php\",\"line\":12}'),(19,'2016-04-26 21:39:20','error','Notice: Undefined index: video in {file}:{line}','{\"file\":\"D:\\\\Mierdas variaas\\\\Oldenburg\\\\src\\\\Plugin\\\\MRSlider\\\\Widget\\\\Slider\\\\Skin\\\\default.php\",\"line\":15}'),(20,'2016-04-26 21:39:20','error','Notice: Undefined index: title in {file}:{line}','{\"file\":\"D:\\\\Mierdas variaas\\\\Oldenburg\\\\src\\\\Plugin\\\\MRSlider\\\\Widget\\\\Slider\\\\Skin\\\\default.php\",\"line\":8}'),(21,'2016-04-26 21:39:20','error','Notice: Undefined index: subtitle in {file}:{line}','{\"file\":\"D:\\\\Mierdas variaas\\\\Oldenburg\\\\src\\\\Plugin\\\\MRSlider\\\\Widget\\\\Slider\\\\Skin\\\\default.php\",\"line\":12}'),(22,'2016-04-26 21:39:20','error','Notice: Undefined index: video in {file}:{line}','{\"file\":\"D:\\\\Mierdas variaas\\\\Oldenburg\\\\src\\\\Plugin\\\\MRSlider\\\\Widget\\\\Slider\\\\Skin\\\\default.php\",\"line\":15}'),(23,'2016-04-26 21:41:25','info','Admin.loggedIn: {username} from {ip}','{\"username\":\"admin\",\"ip\":\"127.0.0.1\"}'),(24,'2016-04-26 21:47:36','info','Admin.loggedIn: {username} from {ip}','{\"username\":\"admin\",\"ip\":\"127.0.0.1\"}'),(25,'2016-04-26 22:04:46','info','Cron.started','{\"firstTimeThisYear\":false,\"firstTimeThisMonth\":false,\"firstTimeThisWeek\":false,\"firstTimeThisDay\":false,\"firstTimeThisHour\":true,\"lastTime\":1461697240,\"test\":null}'),(26,'2016-04-26 22:04:46','info','Cron.finished','[]'),(27,'2016-04-26 22:05:57','error','Core.possibleCsrfAttack','{\"post\":{\"aa\":\"Content.savePage\",\"securityToken\":\"80b9be63854095ec7dc442b417f14947\",\"revisionId\":\"3\",\"publish\":\"1\"}}'),(28,'2016-04-26 22:06:00','error','Core.possibleCsrfAttack','{\"post\":{\"aa\":\"Content.savePage\",\"securityToken\":\"80b9be63854095ec7dc442b417f14947\",\"revisionId\":\"3\",\"publish\":\"1\"}}'),(29,'2016-04-26 22:06:16','info','Admin.loggedIn: {username} from {ip}','{\"username\":\"admin\",\"ip\":\"127.0.0.1\"}'),(30,'2016-04-26 22:08:22','info','Admin.loggedIn: {username} from {ip}','{\"username\":\"admin\",\"ip\":\"127.0.0.1\"}'),(31,'2016-04-26 22:57:51','info','Admin.loggedIn: {username} from {ip}','{\"username\":\"admin\",\"ip\":\"127.0.0.1\"}'),(32,'2016-04-26 23:00:02','info','Cron.started','{\"firstTimeThisYear\":false,\"firstTimeThisMonth\":false,\"firstTimeThisWeek\":false,\"firstTimeThisDay\":false,\"firstTimeThisHour\":true,\"lastTime\":1461701086,\"test\":null}'),(33,'2016-04-26 23:00:02','info','Cron.finished','[]'),(34,'2016-04-27 00:15:23','info','Cron.started','{\"firstTimeThisYear\":false,\"firstTimeThisMonth\":false,\"firstTimeThisWeek\":true,\"firstTimeThisDay\":true,\"firstTimeThisHour\":true,\"lastTime\":1461704402,\"test\":null}'),(35,'2016-04-27 00:15:30','info','Cron.finished','[]'),(36,'2016-04-27 11:38:41','info','Cron.started','{\"firstTimeThisYear\":false,\"firstTimeThisMonth\":false,\"firstTimeThisWeek\":false,\"firstTimeThisDay\":false,\"firstTimeThisHour\":true,\"lastTime\":1461708930,\"test\":null}'),(37,'2016-04-27 11:38:41','info','Cron.finished','[]'),(38,'2016-04-27 12:08:23','info','Cron.started','{\"firstTimeThisYear\":false,\"firstTimeThisMonth\":false,\"firstTimeThisWeek\":false,\"firstTimeThisDay\":false,\"firstTimeThisHour\":true,\"lastTime\":1461749921,\"test\":null}'),(39,'2016-04-27 12:08:23','info','Cron.finished','[]'),(40,'2016-04-27 13:07:43','info','Cron.started','{\"firstTimeThisYear\":false,\"firstTimeThisMonth\":false,\"firstTimeThisWeek\":false,\"firstTimeThisDay\":false,\"firstTimeThisHour\":true,\"lastTime\":1461751703,\"test\":null}'),(41,'2016-04-27 13:07:43','info','Cron.finished','[]'),(42,'2016-04-27 14:07:02','info','Cron.started','{\"firstTimeThisYear\":false,\"firstTimeThisMonth\":false,\"firstTimeThisWeek\":false,\"firstTimeThisDay\":false,\"firstTimeThisHour\":true,\"lastTime\":1461755263,\"test\":null}'),(43,'2016-04-27 14:07:02','info','Cron.finished','[]'),(44,'2016-04-27 15:06:22','info','Cron.started','{\"firstTimeThisYear\":false,\"firstTimeThisMonth\":false,\"firstTimeThisWeek\":false,\"firstTimeThisDay\":false,\"firstTimeThisHour\":true,\"lastTime\":1461758822,\"test\":null}'),(45,'2016-04-27 15:06:22','info','Cron.finished','[]'),(46,'2016-04-27 16:05:42','info','Cron.started','{\"firstTimeThisYear\":false,\"firstTimeThisMonth\":false,\"firstTimeThisWeek\":false,\"firstTimeThisDay\":false,\"firstTimeThisHour\":true,\"lastTime\":1461762382,\"test\":null}'),(47,'2016-04-27 16:05:42','info','Cron.finished','[]'),(48,'2016-04-27 17:05:03','info','Cron.started','{\"firstTimeThisYear\":false,\"firstTimeThisMonth\":false,\"firstTimeThisWeek\":false,\"firstTimeThisDay\":false,\"firstTimeThisHour\":true,\"lastTime\":1461765942,\"test\":null}'),(49,'2016-04-27 17:05:03','info','Cron.finished','[]'),(50,'2016-04-27 18:04:22','info','Cron.started','{\"firstTimeThisYear\":false,\"firstTimeThisMonth\":false,\"firstTimeThisWeek\":false,\"firstTimeThisDay\":false,\"firstTimeThisHour\":true,\"lastTime\":1461769503,\"test\":null}'),(51,'2016-04-27 18:04:22','info','Cron.finished','[]'),(52,'2016-04-27 19:03:42','info','Cron.started','{\"firstTimeThisYear\":false,\"firstTimeThisMonth\":false,\"firstTimeThisWeek\":false,\"firstTimeThisDay\":false,\"firstTimeThisHour\":true,\"lastTime\":1461773062,\"test\":null}'),(53,'2016-04-27 19:03:42','info','Cron.finished','[]'),(54,'2016-04-27 20:03:03','info','Cron.started','{\"firstTimeThisYear\":false,\"firstTimeThisMonth\":false,\"firstTimeThisWeek\":false,\"firstTimeThisDay\":false,\"firstTimeThisHour\":true,\"lastTime\":1461776622,\"test\":null}'),(55,'2016-04-27 20:03:03','info','Cron.finished','[]'),(56,'2016-04-27 21:02:15','info','Cron.started','{\"firstTimeThisYear\":false,\"firstTimeThisMonth\":false,\"firstTimeThisWeek\":false,\"firstTimeThisDay\":false,\"firstTimeThisHour\":true,\"lastTime\":1461780183,\"test\":null}'),(57,'2016-04-27 21:02:15','info','Cron.finished','[]'),(58,'2016-04-27 22:01:34','info','Cron.started','{\"firstTimeThisYear\":false,\"firstTimeThisMonth\":false,\"firstTimeThisWeek\":false,\"firstTimeThisDay\":false,\"firstTimeThisHour\":true,\"lastTime\":1461783735,\"test\":null}'),(59,'2016-04-27 22:01:34','info','Cron.finished','[]'),(60,'2016-04-27 22:56:29','info','Admin.loggedIn: {username} from {ip}','{\"username\":\"admin\",\"ip\":\"127.0.0.1\"}'),(61,'2016-04-27 23:27:19','info','Cron.started','{\"firstTimeThisYear\":false,\"firstTimeThisMonth\":false,\"firstTimeThisWeek\":false,\"firstTimeThisDay\":false,\"firstTimeThisHour\":true,\"lastTime\":1461787294,\"test\":null}'),(62,'2016-04-27 23:27:19','info','Cron.finished','[]'),(63,'2016-04-28 00:26:39','info','Cron.started','{\"firstTimeThisYear\":false,\"firstTimeThisMonth\":false,\"firstTimeThisWeek\":true,\"firstTimeThisDay\":true,\"firstTimeThisHour\":true,\"lastTime\":1461792439,\"test\":null}'),(64,'2016-04-28 00:26:40','info','Cron.finished','[]'),(65,'2016-04-28 01:25:59','info','Cron.started','{\"firstTimeThisYear\":false,\"firstTimeThisMonth\":false,\"firstTimeThisWeek\":false,\"firstTimeThisDay\":false,\"firstTimeThisHour\":true,\"lastTime\":1461796000,\"test\":null}'),(66,'2016-04-28 01:25:59','info','Cron.finished','[]'),(67,'2016-04-28 02:25:19','info','Cron.started','{\"firstTimeThisYear\":false,\"firstTimeThisMonth\":false,\"firstTimeThisWeek\":false,\"firstTimeThisDay\":false,\"firstTimeThisHour\":true,\"lastTime\":1461799559,\"test\":null}'),(68,'2016-04-28 02:25:19','info','Cron.finished','[]'),(69,'2016-04-28 03:24:40','info','Cron.started','{\"firstTimeThisYear\":false,\"firstTimeThisMonth\":false,\"firstTimeThisWeek\":false,\"firstTimeThisDay\":false,\"firstTimeThisHour\":true,\"lastTime\":1461803119,\"test\":null}'),(70,'2016-04-28 03:24:40','info','Cron.finished','[]'),(71,'2016-05-01 19:33:58','info','Cron.started','{\"firstTimeThisYear\":false,\"firstTimeThisMonth\":true,\"firstTimeThisWeek\":true,\"firstTimeThisDay\":true,\"firstTimeThisHour\":true,\"lastTime\":1461806680,\"test\":null}'),(72,'2016-05-01 19:33:59','info','Cron.finished','[]'),(73,'2016-05-02 19:26:24','info','Cron.started','{\"firstTimeThisYear\":false,\"firstTimeThisMonth\":false,\"firstTimeThisWeek\":true,\"firstTimeThisDay\":true,\"firstTimeThisHour\":true,\"lastTime\":1462124039,\"test\":null}'),(74,'2016-05-02 19:26:24','info','Cron.finished','[]'),(75,'2016-05-10 20:22:26','info','Cron.started','{\"firstTimeThisYear\":false,\"firstTimeThisMonth\":false,\"firstTimeThisWeek\":true,\"firstTimeThisDay\":true,\"firstTimeThisHour\":true,\"lastTime\":1462209984,\"test\":null}'),(76,'2016-05-10 20:22:27','info','Cron.finished','[]'),(77,'2016-05-11 20:19:32','info','Cron.started','{\"firstTimeThisYear\":false,\"firstTimeThisMonth\":false,\"firstTimeThisWeek\":true,\"firstTimeThisDay\":true,\"firstTimeThisHour\":true,\"lastTime\":1462904547,\"test\":null}'),(78,'2016-05-11 20:19:34','info','Cron.finished','[]'),(79,'2016-05-17 16:22:45','info','Cron.started','{\"firstTimeThisYear\":false,\"firstTimeThisMonth\":false,\"firstTimeThisWeek\":true,\"firstTimeThisDay\":true,\"firstTimeThisHour\":true,\"lastTime\":1462990774,\"test\":null}'),(80,'2016-05-17 16:22:47','info','Cron.finished','[]'),(81,'2016-05-17 16:22:54','info','Admin.loggedIn: {username} from {ip}','{\"username\":\"admin\",\"ip\":\"127.0.0.1\"}'),(82,'2016-05-17 16:46:39','info','Ip.pluginActivated: {plugin} {version} activated.','{\"plugin\":\"Slider\",\"version\":\"1.05\"}'),(83,'2016-05-17 16:47:47','info','Ip.pluginDeactivated: {plugin} {version} deactivated.','{\"plugin\":\"Slider\",\"version\":\"1.05\"}'),(84,'2016-05-17 16:48:58','info','Ip.pluginDeactivated: {plugin} {version} deactivated.','{\"plugin\":\"MRSlider\",\"version\":\"1.00\"}'),(85,'2016-05-17 16:49:01','info','Ip.pluginActivated: {plugin} {version} activated.','{\"plugin\":\"Slider\",\"version\":\"1.05\"}'),(86,'2016-05-17 17:00:25','info','Cron.started','{\"firstTimeThisYear\":false,\"firstTimeThisMonth\":false,\"firstTimeThisWeek\":false,\"firstTimeThisDay\":false,\"firstTimeThisHour\":true,\"lastTime\":1463494967,\"test\":null}'),(87,'2016-05-17 17:00:25','info','Cron.finished','[]'),(88,'2016-05-17 17:01:11','info','Ip.pluginDeactivated: {plugin} {version} deactivated.','{\"plugin\":\"Slider\",\"version\":\"1.05\"}'),(89,'2016-05-17 17:01:26','info','Ip.pluginActivated: {plugin} {version} activated.','{\"plugin\":\"AsdSlider\",\"version\":\"1.08\"}'),(90,'2016-05-17 17:39:35','info','Admin.loggedIn: {username} from {ip}','{\"username\":\"admin\",\"ip\":\"127.0.0.1\"}'),(91,'2016-05-17 17:46:50','info','Admin.loggedIn: {username} from {ip}','{\"username\":\"admin\",\"ip\":\"127.0.0.1\"}'),(92,'2016-05-17 17:47:25','info','Ip.pluginActivated: {plugin} {version} activated.','{\"plugin\":\"SlideShow\",\"version\":\"1.00\"}'),(93,'2016-05-17 17:56:11','info','Admin.loggedIn: {username} from {ip}','{\"username\":\"admin\",\"ip\":\"127.0.0.1\"}'),(94,'2016-05-17 17:56:22','info','Ip.pluginDeactivated: {plugin} {version} deactivated.','{\"plugin\":\"AsdSlider\",\"version\":\"1.08\"}'),(95,'2016-05-17 17:56:25','info','Ip.pluginRemoved: {plugin} {version} removed.','{\"plugin\":\"AsdSlider\",\"version\":\"1.08\"}'),(96,'2016-05-17 17:56:29','info','Ip.pluginRemoved: {plugin} {version} removed.','{\"plugin\":\"MRSlider\",\"version\":\"1.00\"}'),(97,'2016-05-17 17:56:35','info','Ip.pluginRemoved: {plugin} {version} removed.','{\"plugin\":\"Slider\",\"version\":\"1.05\"}'),(98,'2016-05-17 17:57:51','info','Admin.loggedIn: {username} from {ip}','{\"username\":\"admin\",\"ip\":\"127.0.0.1\"}'),(99,'2016-05-17 17:58:01','info','Ip.pluginDeactivated: {plugin} {version} deactivated.','{\"plugin\":\"SlideShow\",\"version\":\"1.00\"}'),(100,'2016-05-17 17:58:05','info','Ip.pluginRemoved: {plugin} {version} removed.','{\"plugin\":\"SlideShow\",\"version\":\"1.00\"}'),(101,'2016-05-17 17:58:19','info','Ip.pluginActivated: {plugin} {version} activated.','{\"plugin\":\"SlideShow\",\"version\":\"1.00\"}'),(102,'2016-05-17 17:59:20','info','Admin.loggedIn: {username} from {ip}','{\"username\":\"admin\",\"ip\":\"127.0.0.1\"}'),(103,'2016-05-17 18:00:41','info','Cron.started','{\"firstTimeThisYear\":false,\"firstTimeThisMonth\":false,\"firstTimeThisWeek\":false,\"firstTimeThisDay\":false,\"firstTimeThisHour\":true,\"lastTime\":1463497225,\"test\":null}'),(104,'2016-05-17 18:00:41','info','Cron.finished','[]'),(105,'2016-05-17 18:01:46','info','Admin.loggedIn: {username} from {ip}','{\"username\":\"admin\",\"ip\":\"127.0.0.1\"}'),(106,'2016-05-17 18:01:48','error','Notice: Undefined variable: viewData in {file}:{line}','{\"file\":\"D:\\\\Mierdas variaas\\\\Oldenburg\\\\src\\\\Plugin\\\\SlideShow\\\\AdminController.php\",\"line\":34}'),(107,'2016-05-17 18:01:48','error','Warning: Invalid argument supplied for foreach() in {file}:{line}','{\"file\":\"D:\\\\Mierdas variaas\\\\Oldenburg\\\\src\\\\Ip\\\\View.php\",\"line\":184}'),(108,'2016-05-17 18:01:48','error','Warning: extract() expects parameter 1 to be array, null given in {file}:{line}','{\"file\":\"D:\\\\Mierdas variaas\\\\Oldenburg\\\\src\\\\Ip\\\\View.php\",\"line\":107}'),(109,'2016-05-17 18:01:48','error','Notice: Undefined variable: gridUrl in {file}:{line}','{\"file\":\"D:\\\\Mierdas variaas\\\\Oldenburg\\\\src\\\\Plugin\\\\SlideShow\\\\view\\\\editPopup.php\",\"line\":12}'),(110,'2016-05-17 18:23:26','info','Admin.loggedIn: {username} from {ip}','{\"username\":\"admin\",\"ip\":\"127.0.0.1\"}'),(111,'2016-05-17 18:25:40','info','Admin.loggedIn: {username} from {ip}','{\"username\":\"admin\",\"ip\":\"127.0.0.1\"}'),(112,'2016-05-17 18:37:51','info','Admin.loggedIn: {username} from {ip}','{\"username\":\"admin\",\"ip\":\"127.0.0.1\"}'),(113,'2016-05-17 18:39:29','info','Ip.pluginActivated: {plugin} {version} activated.','{\"plugin\":\"NewsList\",\"version\":\"1.09\"}'),(114,'2016-05-17 18:39:32','info','Ip.pluginDeactivated: {plugin} {version} deactivated.','{\"plugin\":\"NewsList\",\"version\":\"1.09\"}'),(115,'2016-05-17 18:41:17','info','Ip.pluginActivated: {plugin} {version} activated.','{\"plugin\":\"NewsList\",\"version\":\"1.09\"}'),(116,'2016-05-17 18:43:54','info','Admin.loggedIn: {username} from {ip}','{\"username\":\"admin\",\"ip\":\"127.0.0.1\"}'),(117,'2016-05-17 18:50:26','info','Ip.pluginActivated: {plugin} {version} activated.','{\"plugin\":\"Noticias\",\"version\":\"1.00\"}'),(118,'2016-05-17 18:50:26','error','Warning: require_once(Plugin/MRContent/SlugField.php): failed to open stream: No such file or directory in {file}:{line}','{\"file\":\"D:\\\\Mierdas variaas\\\\Oldenburg\\\\src\\\\Plugin\\\\Noticias\\\\AdminController.php\",\"line\":5}'),(119,'2016-05-17 18:50:37','error','Warning: require_once(Plugin/ContenidoContent/GridSlugField.php): failed to open stream: No such file or directory in {file}:{line}','{\"file\":\"D:\\\\Mierdas variaas\\\\Oldenburg\\\\src\\\\Plugin\\\\Noticias\\\\AdminController.php\",\"line\":6}'),(120,'2016-05-17 18:52:23','info','Ip.pluginDeactivated: {plugin} {version} deactivated.','{\"plugin\":\"Noticias\",\"version\":\"1.00\"}'),(121,'2016-05-17 18:52:46','info','Ip.pluginActivated: {plugin} {version} activated.','{\"plugin\":\"Noticias\",\"version\":\"1.00\"}'),(122,'2016-05-17 18:54:01','info','Ip.pluginDeactivated: {plugin} {version} deactivated.','{\"plugin\":\"Noticias\",\"version\":\"1.00\"}'),(123,'2016-05-17 18:54:03','info','Ip.pluginActivated: {plugin} {version} activated.','{\"plugin\":\"Noticias\",\"version\":\"1.00\"}'),(124,'2016-05-17 18:55:33','info','Ip.pluginDeactivated: {plugin} {version} deactivated.','{\"plugin\":\"Noticias\",\"version\":\"1.00\"}'),(125,'2016-05-17 18:55:35','info','Ip.pluginActivated: {plugin} {version} activated.','{\"plugin\":\"Noticias\",\"version\":\"1.00\"}'),(126,'2016-05-17 18:57:35','info','Ip.pluginDeactivated: {plugin} {version} deactivated.','{\"plugin\":\"Noticias\",\"version\":\"1.00\"}'),(127,'2016-05-17 18:57:37','info','Ip.pluginActivated: {plugin} {version} activated.','{\"plugin\":\"Noticias\",\"version\":\"1.00\"}'),(128,'2016-05-17 19:00:34','info','Cron.started','{\"firstTimeThisYear\":false,\"firstTimeThisMonth\":false,\"firstTimeThisWeek\":false,\"firstTimeThisDay\":false,\"firstTimeThisHour\":true,\"lastTime\":1463500841,\"test\":null}'),(129,'2016-05-17 19:00:34','info','Cron.finished','[]'),(130,'2016-05-17 19:17:52','error','Notice: Undefined variable: datestring in {file}:{line}','{\"file\":\"D:\\\\Mierdas variaas\\\\Oldenburg\\\\src\\\\Plugin\\\\Noticias\\\\Widget\\\\Noticias\\\\skin\\\\default.php\",\"line\":31}'),(131,'2016-05-17 19:17:52','error','Notice: Undefined index: text in {file}:{line}','{\"file\":\"D:\\\\Mierdas variaas\\\\Oldenburg\\\\src\\\\Plugin\\\\Noticias\\\\Widget\\\\Noticias\\\\skin\\\\default.php\",\"line\":34}'),(132,'2016-05-17 19:17:52','error','Notice: Undefined index: link in {file}:{line}','{\"file\":\"D:\\\\Mierdas variaas\\\\Oldenburg\\\\src\\\\Plugin\\\\Noticias\\\\Widget\\\\Noticias\\\\skin\\\\default.php\",\"line\":37}'),(133,'2016-05-17 19:17:52','error','Notice: Undefined variable: datestring in {file}:{line}','{\"file\":\"D:\\\\Mierdas variaas\\\\Oldenburg\\\\src\\\\Plugin\\\\Noticias\\\\Widget\\\\Noticias\\\\skin\\\\default.php\",\"line\":31}'),(134,'2016-05-17 19:17:52','error','Notice: Undefined index: text in {file}:{line}','{\"file\":\"D:\\\\Mierdas variaas\\\\Oldenburg\\\\src\\\\Plugin\\\\Noticias\\\\Widget\\\\Noticias\\\\skin\\\\default.php\",\"line\":34}'),(135,'2016-05-17 19:17:52','error','Notice: Undefined index: link in {file}:{line}','{\"file\":\"D:\\\\Mierdas variaas\\\\Oldenburg\\\\src\\\\Plugin\\\\Noticias\\\\Widget\\\\Noticias\\\\skin\\\\default.php\",\"line\":37}'),(136,'2016-05-17 19:23:04','error','Notice: Undefined variable: datestring in {file}:{line}','{\"file\":\"D:\\\\Mierdas variaas\\\\Oldenburg\\\\src\\\\Plugin\\\\Noticias\\\\Widget\\\\Noticias\\\\skin\\\\default.php\",\"line\":31}'),(137,'2016-05-17 19:23:04','error','Notice: Undefined index: text in {file}:{line}','{\"file\":\"D:\\\\Mierdas variaas\\\\Oldenburg\\\\src\\\\Plugin\\\\Noticias\\\\Widget\\\\Noticias\\\\skin\\\\default.php\",\"line\":34}'),(138,'2016-05-17 19:23:04','error','Notice: Undefined index: link in {file}:{line}','{\"file\":\"D:\\\\Mierdas variaas\\\\Oldenburg\\\\src\\\\Plugin\\\\Noticias\\\\Widget\\\\Noticias\\\\skin\\\\default.php\",\"line\":37}'),(139,'2016-05-17 19:23:04','error','Notice: Undefined variable: datestring in {file}:{line}','{\"file\":\"D:\\\\Mierdas variaas\\\\Oldenburg\\\\src\\\\Plugin\\\\Noticias\\\\Widget\\\\Noticias\\\\skin\\\\default.php\",\"line\":31}'),(140,'2016-05-17 19:23:04','error','Notice: Undefined index: text in {file}:{line}','{\"file\":\"D:\\\\Mierdas variaas\\\\Oldenburg\\\\src\\\\Plugin\\\\Noticias\\\\Widget\\\\Noticias\\\\skin\\\\default.php\",\"line\":34}'),(141,'2016-05-17 19:23:04','error','Notice: Undefined index: link in {file}:{line}','{\"file\":\"D:\\\\Mierdas variaas\\\\Oldenburg\\\\src\\\\Plugin\\\\Noticias\\\\Widget\\\\Noticias\\\\skin\\\\default.php\",\"line\":37}'),(142,'2016-05-17 19:23:37','error','Notice: Undefined variable: news_item in {file}:{line}','{\"file\":\"D:\\\\Mierdas variaas\\\\Oldenburg\\\\src\\\\Plugin\\\\Noticias\\\\Widget\\\\Noticias\\\\skin\\\\default.php\",\"line\":16}'),(143,'2016-05-17 19:23:37','error','Notice: Undefined index: text in {file}:{line}','{\"file\":\"D:\\\\Mierdas variaas\\\\Oldenburg\\\\src\\\\Plugin\\\\Noticias\\\\Widget\\\\Noticias\\\\skin\\\\default.php\",\"line\":34}'),(144,'2016-05-17 19:23:37','error','Notice: Undefined index: link in {file}:{line}','{\"file\":\"D:\\\\Mierdas variaas\\\\Oldenburg\\\\src\\\\Plugin\\\\Noticias\\\\Widget\\\\Noticias\\\\skin\\\\default.php\",\"line\":37}'),(145,'2016-05-17 19:23:37','error','Notice: Undefined variable: news_item in {file}:{line}','{\"file\":\"D:\\\\Mierdas variaas\\\\Oldenburg\\\\src\\\\Plugin\\\\Noticias\\\\Widget\\\\Noticias\\\\skin\\\\default.php\",\"line\":16}'),(146,'2016-05-17 19:23:37','error','Notice: Undefined index: text in {file}:{line}','{\"file\":\"D:\\\\Mierdas variaas\\\\Oldenburg\\\\src\\\\Plugin\\\\Noticias\\\\Widget\\\\Noticias\\\\skin\\\\default.php\",\"line\":34}'),(147,'2016-05-17 19:23:37','error','Notice: Undefined index: link in {file}:{line}','{\"file\":\"D:\\\\Mierdas variaas\\\\Oldenburg\\\\src\\\\Plugin\\\\Noticias\\\\Widget\\\\Noticias\\\\skin\\\\default.php\",\"line\":37}'),(148,'2016-05-17 19:24:01','error','Notice: Undefined index: date in {file}:{line}','{\"file\":\"D:\\\\Mierdas variaas\\\\Oldenburg\\\\src\\\\Plugin\\\\Noticias\\\\Widget\\\\Noticias\\\\skin\\\\default.php\",\"line\":16}'),(149,'2016-05-17 19:24:01','error','Notice: Undefined index: text in {file}:{line}','{\"file\":\"D:\\\\Mierdas variaas\\\\Oldenburg\\\\src\\\\Plugin\\\\Noticias\\\\Widget\\\\Noticias\\\\skin\\\\default.php\",\"line\":34}'),(150,'2016-05-17 19:24:01','error','Notice: Undefined index: link in {file}:{line}','{\"file\":\"D:\\\\Mierdas variaas\\\\Oldenburg\\\\src\\\\Plugin\\\\Noticias\\\\Widget\\\\Noticias\\\\skin\\\\default.php\",\"line\":37}'),(151,'2016-05-17 19:24:01','error','Notice: Undefined index: date in {file}:{line}','{\"file\":\"D:\\\\Mierdas variaas\\\\Oldenburg\\\\src\\\\Plugin\\\\Noticias\\\\Widget\\\\Noticias\\\\skin\\\\default.php\",\"line\":16}'),(152,'2016-05-17 19:24:01','error','Notice: Undefined index: text in {file}:{line}','{\"file\":\"D:\\\\Mierdas variaas\\\\Oldenburg\\\\src\\\\Plugin\\\\Noticias\\\\Widget\\\\Noticias\\\\skin\\\\default.php\",\"line\":34}'),(153,'2016-05-17 19:24:01','error','Notice: Undefined index: link in {file}:{line}','{\"file\":\"D:\\\\Mierdas variaas\\\\Oldenburg\\\\src\\\\Plugin\\\\Noticias\\\\Widget\\\\Noticias\\\\skin\\\\default.php\",\"line\":37}'),(154,'2016-05-17 19:24:33','error','Notice: Undefined index: date in {file}:{line}','{\"file\":\"D:\\\\Mierdas variaas\\\\Oldenburg\\\\src\\\\Plugin\\\\Noticias\\\\Widget\\\\Noticias\\\\skin\\\\default.php\",\"line\":16}'),(155,'2016-05-17 19:24:33','error','Notice: Undefined index: link in {file}:{line}','{\"file\":\"D:\\\\Mierdas variaas\\\\Oldenburg\\\\src\\\\Plugin\\\\Noticias\\\\Widget\\\\Noticias\\\\skin\\\\default.php\",\"line\":37}'),(156,'2016-05-17 19:24:33','error','Notice: Undefined index: date in {file}:{line}','{\"file\":\"D:\\\\Mierdas variaas\\\\Oldenburg\\\\src\\\\Plugin\\\\Noticias\\\\Widget\\\\Noticias\\\\skin\\\\default.php\",\"line\":16}'),(157,'2016-05-17 19:24:33','error','Notice: Undefined index: link in {file}:{line}','{\"file\":\"D:\\\\Mierdas variaas\\\\Oldenburg\\\\src\\\\Plugin\\\\Noticias\\\\Widget\\\\Noticias\\\\skin\\\\default.php\",\"line\":37}'),(158,'2016-05-17 19:26:07','error','Notice: Undefined index: date in {file}:{line}','{\"file\":\"D:\\\\Mierdas variaas\\\\Oldenburg\\\\src\\\\Plugin\\\\Noticias\\\\Widget\\\\Noticias\\\\skin\\\\default.php\",\"line\":17}'),(159,'2016-05-17 19:26:07','error','Notice: Undefined index: link in {file}:{line}','{\"file\":\"D:\\\\Mierdas variaas\\\\Oldenburg\\\\src\\\\Plugin\\\\Noticias\\\\Widget\\\\Noticias\\\\skin\\\\default.php\",\"line\":38}'),(160,'2016-05-17 19:26:07','error','Notice: Undefined index: date in {file}:{line}','{\"file\":\"D:\\\\Mierdas variaas\\\\Oldenburg\\\\src\\\\Plugin\\\\Noticias\\\\Widget\\\\Noticias\\\\skin\\\\default.php\",\"line\":17}'),(161,'2016-05-17 19:26:07','error','Notice: Undefined index: link in {file}:{line}','{\"file\":\"D:\\\\Mierdas variaas\\\\Oldenburg\\\\src\\\\Plugin\\\\Noticias\\\\Widget\\\\Noticias\\\\skin\\\\default.php\",\"line\":38}'),(162,'2016-05-17 19:26:44','error','Notice: Undefined index: link in {file}:{line}','{\"file\":\"D:\\\\Mierdas variaas\\\\Oldenburg\\\\src\\\\Plugin\\\\Noticias\\\\Widget\\\\Noticias\\\\skin\\\\default.php\",\"line\":37}'),(163,'2016-05-17 19:26:44','error','Notice: Undefined index: link in {file}:{line}','{\"file\":\"D:\\\\Mierdas variaas\\\\Oldenburg\\\\src\\\\Plugin\\\\Noticias\\\\Widget\\\\Noticias\\\\skin\\\\default.php\",\"line\":37}'),(164,'2016-05-17 19:27:38','error','Notice: Undefined index: link in {file}:{line}','{\"file\":\"D:\\\\Mierdas variaas\\\\Oldenburg\\\\src\\\\Plugin\\\\Noticias\\\\Widget\\\\Noticias\\\\skin\\\\default.php\",\"line\":37}'),(165,'2016-05-17 19:27:38','error','Notice: Undefined index: link in {file}:{line}','{\"file\":\"D:\\\\Mierdas variaas\\\\Oldenburg\\\\src\\\\Plugin\\\\Noticias\\\\Widget\\\\Noticias\\\\skin\\\\default.php\",\"line\":37}'),(166,'2016-05-17 19:29:11','error','Notice: Undefined index: link in {file}:{line}','{\"file\":\"D:\\\\Mierdas variaas\\\\Oldenburg\\\\src\\\\Plugin\\\\Noticias\\\\Widget\\\\Noticias\\\\skin\\\\default.php\",\"line\":37}'),(167,'2016-05-17 19:29:11','error','Notice: Undefined index: link in {file}:{line}','{\"file\":\"D:\\\\Mierdas variaas\\\\Oldenburg\\\\src\\\\Plugin\\\\Noticias\\\\Widget\\\\Noticias\\\\skin\\\\default.php\",\"line\":37}'),(168,'2016-05-17 19:29:50','error','Notice: Undefined index: link in {file}:{line}','{\"file\":\"D:\\\\Mierdas variaas\\\\Oldenburg\\\\src\\\\Plugin\\\\Noticias\\\\Widget\\\\Noticias\\\\skin\\\\default.php\",\"line\":37}'),(169,'2016-05-17 19:29:50','error','Notice: Undefined index: link in {file}:{line}','{\"file\":\"D:\\\\Mierdas variaas\\\\Oldenburg\\\\src\\\\Plugin\\\\Noticias\\\\Widget\\\\Noticias\\\\skin\\\\default.php\",\"line\":37}'),(170,'2016-05-17 19:30:35','error','Notice: Undefined index: link in {file}:{line}','{\"file\":\"D:\\\\Mierdas variaas\\\\Oldenburg\\\\src\\\\Plugin\\\\Noticias\\\\Widget\\\\Noticias\\\\skin\\\\default.php\",\"line\":37}'),(171,'2016-05-17 19:30:35','error','Notice: Undefined index: link in {file}:{line}','{\"file\":\"D:\\\\Mierdas variaas\\\\Oldenburg\\\\src\\\\Plugin\\\\Noticias\\\\Widget\\\\Noticias\\\\skin\\\\default.php\",\"line\":37}'),(172,'2016-05-17 19:32:50','error','Notice: Undefined index: link in {file}:{line}','{\"file\":\"D:\\\\Mierdas variaas\\\\Oldenburg\\\\src\\\\Plugin\\\\Noticias\\\\Widget\\\\Noticias\\\\skin\\\\default.php\",\"line\":37}'),(173,'2016-05-17 19:32:50','error','Notice: Undefined index: link in {file}:{line}','{\"file\":\"D:\\\\Mierdas variaas\\\\Oldenburg\\\\src\\\\Plugin\\\\Noticias\\\\Widget\\\\Noticias\\\\skin\\\\default.php\",\"line\":37}'),(174,'2016-05-17 19:33:04','error','Notice: Undefined index: link in {file}:{line}','{\"file\":\"D:\\\\Mierdas variaas\\\\Oldenburg\\\\src\\\\Plugin\\\\Noticias\\\\Widget\\\\Noticias\\\\skin\\\\default.php\",\"line\":37}'),(175,'2016-05-17 19:33:04','error','Notice: Undefined index: link in {file}:{line}','{\"file\":\"D:\\\\Mierdas variaas\\\\Oldenburg\\\\src\\\\Plugin\\\\Noticias\\\\Widget\\\\Noticias\\\\skin\\\\default.php\",\"line\":37}'),(176,'2016-05-17 19:33:20','error','Notice: Undefined index: link in {file}:{line}','{\"file\":\"D:\\\\Mierdas variaas\\\\Oldenburg\\\\src\\\\Plugin\\\\Noticias\\\\Widget\\\\Noticias\\\\skin\\\\default.php\",\"line\":37}'),(177,'2016-05-17 19:33:20','error','Notice: Undefined index: link in {file}:{line}','{\"file\":\"D:\\\\Mierdas variaas\\\\Oldenburg\\\\src\\\\Plugin\\\\Noticias\\\\Widget\\\\Noticias\\\\skin\\\\default.php\",\"line\":37}'),(178,'2016-05-17 19:33:35','error','Notice: Undefined index: link in {file}:{line}','{\"file\":\"D:\\\\Mierdas variaas\\\\Oldenburg\\\\src\\\\Plugin\\\\Noticias\\\\Widget\\\\Noticias\\\\skin\\\\default.php\",\"line\":37}'),(179,'2016-05-17 19:33:35','error','Notice: Undefined index: link in {file}:{line}','{\"file\":\"D:\\\\Mierdas variaas\\\\Oldenburg\\\\src\\\\Plugin\\\\Noticias\\\\Widget\\\\Noticias\\\\skin\\\\default.php\",\"line\":37}'),(180,'2016-05-17 19:33:45','error','Notice: Undefined index: link in {file}:{line}','{\"file\":\"D:\\\\Mierdas variaas\\\\Oldenburg\\\\src\\\\Plugin\\\\Noticias\\\\Widget\\\\Noticias\\\\skin\\\\default.php\",\"line\":37}'),(181,'2016-05-17 19:33:45','error','Notice: Undefined index: link in {file}:{line}','{\"file\":\"D:\\\\Mierdas variaas\\\\Oldenburg\\\\src\\\\Plugin\\\\Noticias\\\\Widget\\\\Noticias\\\\skin\\\\default.php\",\"line\":37}'),(182,'2016-05-17 19:34:37','error','Notice: Undefined index: link in {file}:{line}','{\"file\":\"D:\\\\Mierdas variaas\\\\Oldenburg\\\\src\\\\Plugin\\\\Noticias\\\\Widget\\\\Noticias\\\\skin\\\\default.php\",\"line\":37}'),(183,'2016-05-17 19:34:37','error','Notice: Undefined index: link in {file}:{line}','{\"file\":\"D:\\\\Mierdas variaas\\\\Oldenburg\\\\src\\\\Plugin\\\\Noticias\\\\Widget\\\\Noticias\\\\skin\\\\default.php\",\"line\":37}'),(184,'2016-05-17 19:35:01','error','Notice: Undefined index: link in {file}:{line}','{\"file\":\"D:\\\\Mierdas variaas\\\\Oldenburg\\\\src\\\\Plugin\\\\Noticias\\\\Widget\\\\Noticias\\\\skin\\\\default.php\",\"line\":37}'),(185,'2016-05-17 19:35:01','error','Notice: Undefined index: link in {file}:{line}','{\"file\":\"D:\\\\Mierdas variaas\\\\Oldenburg\\\\src\\\\Plugin\\\\Noticias\\\\Widget\\\\Noticias\\\\skin\\\\default.php\",\"line\":37}'),(186,'2016-05-17 19:35:45','error','Notice: Undefined index: link in {file}:{line}','{\"file\":\"D:\\\\Mierdas variaas\\\\Oldenburg\\\\src\\\\Plugin\\\\Noticias\\\\Widget\\\\Noticias\\\\skin\\\\default.php\",\"line\":37}'),(187,'2016-05-17 19:35:45','error','Notice: Undefined index: link in {file}:{line}','{\"file\":\"D:\\\\Mierdas variaas\\\\Oldenburg\\\\src\\\\Plugin\\\\Noticias\\\\Widget\\\\Noticias\\\\skin\\\\default.php\",\"line\":37}'),(188,'2016-05-17 19:36:01','error','Notice: Undefined index: link in {file}:{line}','{\"file\":\"D:\\\\Mierdas variaas\\\\Oldenburg\\\\src\\\\Plugin\\\\Noticias\\\\Widget\\\\Noticias\\\\skin\\\\default.php\",\"line\":37}'),(189,'2016-05-17 19:36:01','error','Notice: Undefined index: link in {file}:{line}','{\"file\":\"D:\\\\Mierdas variaas\\\\Oldenburg\\\\src\\\\Plugin\\\\Noticias\\\\Widget\\\\Noticias\\\\skin\\\\default.php\",\"line\":37}'),(190,'2016-05-17 19:36:28','error','Notice: Undefined index: link in {file}:{line}','{\"file\":\"D:\\\\Mierdas variaas\\\\Oldenburg\\\\src\\\\Plugin\\\\Noticias\\\\Widget\\\\Noticias\\\\skin\\\\default.php\",\"line\":37}'),(191,'2016-05-17 19:36:28','error','Notice: Undefined index: link in {file}:{line}','{\"file\":\"D:\\\\Mierdas variaas\\\\Oldenburg\\\\src\\\\Plugin\\\\Noticias\\\\Widget\\\\Noticias\\\\skin\\\\default.php\",\"line\":37}'),(192,'2016-05-17 19:36:28','error','Notice: Undefined index: link in {file}:{line}','{\"file\":\"D:\\\\Mierdas variaas\\\\Oldenburg\\\\src\\\\Plugin\\\\Noticias\\\\Widget\\\\Noticias\\\\skin\\\\default.php\",\"line\":37}'),(193,'2016-05-17 19:36:28','error','Notice: Undefined index: link in {file}:{line}','{\"file\":\"D:\\\\Mierdas variaas\\\\Oldenburg\\\\src\\\\Plugin\\\\Noticias\\\\Widget\\\\Noticias\\\\skin\\\\default.php\",\"line\":37}'),(194,'2016-05-17 19:36:46','error','Notice: Undefined index: link in {file}:{line}','{\"file\":\"D:\\\\Mierdas variaas\\\\Oldenburg\\\\src\\\\Plugin\\\\Noticias\\\\Widget\\\\Noticias\\\\skin\\\\default.php\",\"line\":37}'),(195,'2016-05-17 19:36:46','error','Notice: Undefined index: link in {file}:{line}','{\"file\":\"D:\\\\Mierdas variaas\\\\Oldenburg\\\\src\\\\Plugin\\\\Noticias\\\\Widget\\\\Noticias\\\\skin\\\\default.php\",\"line\":37}'),(196,'2016-05-17 19:36:46','error','Notice: Undefined index: link in {file}:{line}','{\"file\":\"D:\\\\Mierdas variaas\\\\Oldenburg\\\\src\\\\Plugin\\\\Noticias\\\\Widget\\\\Noticias\\\\skin\\\\default.php\",\"line\":37}'),(197,'2016-05-17 19:36:46','error','Notice: Undefined index: link in {file}:{line}','{\"file\":\"D:\\\\Mierdas variaas\\\\Oldenburg\\\\src\\\\Plugin\\\\Noticias\\\\Widget\\\\Noticias\\\\skin\\\\default.php\",\"line\":37}'),(198,'2016-05-17 19:37:19','error','Notice: Undefined index: link in {file}:{line}','{\"file\":\"D:\\\\Mierdas variaas\\\\Oldenburg\\\\src\\\\Plugin\\\\Noticias\\\\Widget\\\\Noticias\\\\skin\\\\default.php\",\"line\":37}'),(199,'2016-05-17 19:37:19','error','Notice: Undefined index: link in {file}:{line}','{\"file\":\"D:\\\\Mierdas variaas\\\\Oldenburg\\\\src\\\\Plugin\\\\Noticias\\\\Widget\\\\Noticias\\\\skin\\\\default.php\",\"line\":37}'),(200,'2016-05-17 19:37:19','error','Notice: Undefined index: link in {file}:{line}','{\"file\":\"D:\\\\Mierdas variaas\\\\Oldenburg\\\\src\\\\Plugin\\\\Noticias\\\\Widget\\\\Noticias\\\\skin\\\\default.php\",\"line\":37}'),(201,'2016-05-17 19:37:19','error','Notice: Undefined index: link in {file}:{line}','{\"file\":\"D:\\\\Mierdas variaas\\\\Oldenburg\\\\src\\\\Plugin\\\\Noticias\\\\Widget\\\\Noticias\\\\skin\\\\default.php\",\"line\":37}'),(202,'2016-05-17 19:39:12','error','Notice: Undefined index: link in {file}:{line}','{\"file\":\"D:\\\\Mierdas variaas\\\\Oldenburg\\\\src\\\\Plugin\\\\Noticias\\\\Widget\\\\Noticias\\\\skin\\\\default.php\",\"line\":37}'),(203,'2016-05-17 19:39:12','error','Notice: Undefined index: link in {file}:{line}','{\"file\":\"D:\\\\Mierdas variaas\\\\Oldenburg\\\\src\\\\Plugin\\\\Noticias\\\\Widget\\\\Noticias\\\\skin\\\\default.php\",\"line\":37}'),(204,'2016-05-17 19:39:12','error','Notice: Undefined index: link in {file}:{line}','{\"file\":\"D:\\\\Mierdas variaas\\\\Oldenburg\\\\src\\\\Plugin\\\\Noticias\\\\Widget\\\\Noticias\\\\skin\\\\default.php\",\"line\":37}'),(205,'2016-05-17 19:39:12','error','Notice: Undefined index: link in {file}:{line}','{\"file\":\"D:\\\\Mierdas variaas\\\\Oldenburg\\\\src\\\\Plugin\\\\Noticias\\\\Widget\\\\Noticias\\\\skin\\\\default.php\",\"line\":37}'),(206,'2016-05-17 19:39:34','error','Notice: Undefined index: link in {file}:{line}','{\"file\":\"D:\\\\Mierdas variaas\\\\Oldenburg\\\\src\\\\Plugin\\\\Noticias\\\\Widget\\\\Noticias\\\\skin\\\\default.php\",\"line\":37}'),(207,'2016-05-17 19:39:34','error','Notice: Undefined index: link in {file}:{line}','{\"file\":\"D:\\\\Mierdas variaas\\\\Oldenburg\\\\src\\\\Plugin\\\\Noticias\\\\Widget\\\\Noticias\\\\skin\\\\default.php\",\"line\":37}'),(208,'2016-05-17 19:39:34','error','Notice: Undefined index: link in {file}:{line}','{\"file\":\"D:\\\\Mierdas variaas\\\\Oldenburg\\\\src\\\\Plugin\\\\Noticias\\\\Widget\\\\Noticias\\\\skin\\\\default.php\",\"line\":37}'),(209,'2016-05-17 19:39:34','error','Notice: Undefined index: link in {file}:{line}','{\"file\":\"D:\\\\Mierdas variaas\\\\Oldenburg\\\\src\\\\Plugin\\\\Noticias\\\\Widget\\\\Noticias\\\\skin\\\\default.php\",\"line\":37}'),(210,'2016-05-17 19:40:13','error','Notice: Undefined index: link in {file}:{line}','{\"file\":\"D:\\\\Mierdas variaas\\\\Oldenburg\\\\src\\\\Plugin\\\\Noticias\\\\Widget\\\\Noticias\\\\skin\\\\default.php\",\"line\":37}'),(211,'2016-05-17 19:40:13','error','Notice: Undefined index: link in {file}:{line}','{\"file\":\"D:\\\\Mierdas variaas\\\\Oldenburg\\\\src\\\\Plugin\\\\Noticias\\\\Widget\\\\Noticias\\\\skin\\\\default.php\",\"line\":37}'),(212,'2016-05-17 19:40:13','error','Notice: Undefined index: link in {file}:{line}','{\"file\":\"D:\\\\Mierdas variaas\\\\Oldenburg\\\\src\\\\Plugin\\\\Noticias\\\\Widget\\\\Noticias\\\\skin\\\\default.php\",\"line\":37}'),(213,'2016-05-17 19:40:13','error','Notice: Undefined index: link in {file}:{line}','{\"file\":\"D:\\\\Mierdas variaas\\\\Oldenburg\\\\src\\\\Plugin\\\\Noticias\\\\Widget\\\\Noticias\\\\skin\\\\default.php\",\"line\":37}'),(214,'2016-05-17 19:40:20','error','Notice: Undefined index: link in {file}:{line}','{\"file\":\"D:\\\\Mierdas variaas\\\\Oldenburg\\\\src\\\\Plugin\\\\Noticias\\\\Widget\\\\Noticias\\\\skin\\\\default.php\",\"line\":37}'),(215,'2016-05-17 19:40:20','error','Notice: Undefined index: link in {file}:{line}','{\"file\":\"D:\\\\Mierdas variaas\\\\Oldenburg\\\\src\\\\Plugin\\\\Noticias\\\\Widget\\\\Noticias\\\\skin\\\\default.php\",\"line\":37}'),(216,'2016-05-17 19:40:20','error','Notice: Undefined index: link in {file}:{line}','{\"file\":\"D:\\\\Mierdas variaas\\\\Oldenburg\\\\src\\\\Plugin\\\\Noticias\\\\Widget\\\\Noticias\\\\skin\\\\default.php\",\"line\":37}'),(217,'2016-05-17 19:40:20','error','Notice: Undefined index: link in {file}:{line}','{\"file\":\"D:\\\\Mierdas variaas\\\\Oldenburg\\\\src\\\\Plugin\\\\Noticias\\\\Widget\\\\Noticias\\\\skin\\\\default.php\",\"line\":37}'),(218,'2016-05-17 19:40:56','error','Notice: Undefined index: link in {file}:{line}','{\"file\":\"D:\\\\Mierdas variaas\\\\Oldenburg\\\\src\\\\Plugin\\\\Noticias\\\\Widget\\\\Noticias\\\\skin\\\\default.php\",\"line\":37}'),(219,'2016-05-17 19:40:56','error','Notice: Undefined index: link in {file}:{line}','{\"file\":\"D:\\\\Mierdas variaas\\\\Oldenburg\\\\src\\\\Plugin\\\\Noticias\\\\Widget\\\\Noticias\\\\skin\\\\default.php\",\"line\":37}'),(220,'2016-05-17 19:40:56','error','Notice: Undefined index: link in {file}:{line}','{\"file\":\"D:\\\\Mierdas variaas\\\\Oldenburg\\\\src\\\\Plugin\\\\Noticias\\\\Widget\\\\Noticias\\\\skin\\\\default.php\",\"line\":37}'),(221,'2016-05-17 19:40:56','error','Notice: Undefined index: link in {file}:{line}','{\"file\":\"D:\\\\Mierdas variaas\\\\Oldenburg\\\\src\\\\Plugin\\\\Noticias\\\\Widget\\\\Noticias\\\\skin\\\\default.php\",\"line\":37}'),(222,'2016-05-17 19:41:58','error','Notice: Undefined index: link in {file}:{line}','{\"file\":\"D:\\\\Mierdas variaas\\\\Oldenburg\\\\src\\\\Plugin\\\\Noticias\\\\Widget\\\\Noticias\\\\skin\\\\default.php\",\"line\":37}'),(223,'2016-05-17 19:41:58','error','Notice: Undefined index: link in {file}:{line}','{\"file\":\"D:\\\\Mierdas variaas\\\\Oldenburg\\\\src\\\\Plugin\\\\Noticias\\\\Widget\\\\Noticias\\\\skin\\\\default.php\",\"line\":37}'),(224,'2016-05-17 19:41:58','error','Notice: Undefined index: link in {file}:{line}','{\"file\":\"D:\\\\Mierdas variaas\\\\Oldenburg\\\\src\\\\Plugin\\\\Noticias\\\\Widget\\\\Noticias\\\\skin\\\\default.php\",\"line\":37}'),(225,'2016-05-17 19:41:58','error','Notice: Undefined index: link in {file}:{line}','{\"file\":\"D:\\\\Mierdas variaas\\\\Oldenburg\\\\src\\\\Plugin\\\\Noticias\\\\Widget\\\\Noticias\\\\skin\\\\default.php\",\"line\":37}'),(226,'2016-05-17 19:42:11','error','Notice: Undefined index: link in {file}:{line}','{\"file\":\"D:\\\\Mierdas variaas\\\\Oldenburg\\\\src\\\\Plugin\\\\Noticias\\\\Widget\\\\Noticias\\\\skin\\\\default.php\",\"line\":37}'),(227,'2016-05-17 19:42:11','error','Notice: Undefined index: link in {file}:{line}','{\"file\":\"D:\\\\Mierdas variaas\\\\Oldenburg\\\\src\\\\Plugin\\\\Noticias\\\\Widget\\\\Noticias\\\\skin\\\\default.php\",\"line\":37}'),(228,'2016-05-17 19:42:11','error','Notice: Undefined index: link in {file}:{line}','{\"file\":\"D:\\\\Mierdas variaas\\\\Oldenburg\\\\src\\\\Plugin\\\\Noticias\\\\Widget\\\\Noticias\\\\skin\\\\default.php\",\"line\":37}'),(229,'2016-05-17 19:42:11','error','Notice: Undefined index: link in {file}:{line}','{\"file\":\"D:\\\\Mierdas variaas\\\\Oldenburg\\\\src\\\\Plugin\\\\Noticias\\\\Widget\\\\Noticias\\\\skin\\\\default.php\",\"line\":37}'),(230,'2016-05-17 20:11:53','info','Cron.started','{\"firstTimeThisYear\":false,\"firstTimeThisMonth\":false,\"firstTimeThisWeek\":false,\"firstTimeThisDay\":false,\"firstTimeThisHour\":true,\"lastTime\":1463504434,\"test\":null}'),(231,'2016-05-17 20:11:53','info','Cron.finished','[]'),(232,'2016-05-17 20:54:07','error','Notice: Array to string conversion in {file}:{line}','{\"file\":\"D:\\\\Mierdas variaas\\\\Oldenburg\\\\src\\\\Plugin\\\\Noticias\\\\Widget\\\\Noticias\\\\skin\\\\default.php\",\"line\":38}'),(233,'2016-05-17 20:54:07','error','Notice: Array to string conversion in {file}:{line}','{\"file\":\"D:\\\\Mierdas variaas\\\\Oldenburg\\\\src\\\\Plugin\\\\Noticias\\\\Widget\\\\Noticias\\\\skin\\\\default.php\",\"line\":38}'),(234,'2016-05-17 20:54:07','error','Notice: Array to string conversion in {file}:{line}','{\"file\":\"D:\\\\Mierdas variaas\\\\Oldenburg\\\\src\\\\Plugin\\\\Noticias\\\\Widget\\\\Noticias\\\\skin\\\\default.php\",\"line\":38}'),(235,'2016-05-17 20:54:07','error','Notice: Array to string conversion in {file}:{line}','{\"file\":\"D:\\\\Mierdas variaas\\\\Oldenburg\\\\src\\\\Plugin\\\\Noticias\\\\Widget\\\\Noticias\\\\skin\\\\default.php\",\"line\":38}'),(236,'2016-05-17 20:54:52','error','Notice: Array to string conversion in {file}:{line}','{\"file\":\"D:\\\\Mierdas variaas\\\\Oldenburg\\\\src\\\\Plugin\\\\Noticias\\\\Widget\\\\Noticias\\\\skin\\\\default.php\",\"line\":39}'),(237,'2016-05-17 20:54:52','error','Notice: Array to string conversion in {file}:{line}','{\"file\":\"D:\\\\Mierdas variaas\\\\Oldenburg\\\\src\\\\Plugin\\\\Noticias\\\\Widget\\\\Noticias\\\\skin\\\\default.php\",\"line\":39}'),(238,'2016-05-17 20:54:52','error','Notice: Array to string conversion in {file}:{line}','{\"file\":\"D:\\\\Mierdas variaas\\\\Oldenburg\\\\src\\\\Plugin\\\\Noticias\\\\Widget\\\\Noticias\\\\skin\\\\default.php\",\"line\":39}'),(239,'2016-05-17 20:54:52','error','Notice: Array to string conversion in {file}:{line}','{\"file\":\"D:\\\\Mierdas variaas\\\\Oldenburg\\\\src\\\\Plugin\\\\Noticias\\\\Widget\\\\Noticias\\\\skin\\\\default.php\",\"line\":39}'),(240,'2016-05-17 20:55:21','error','Notice: Undefined index: urlPath in {file}:{line}','{\"file\":\"D:\\\\Mierdas variaas\\\\Oldenburg\\\\src\\\\Plugin\\\\Noticias\\\\Widget\\\\Noticias\\\\skin\\\\default.php\",\"line\":39}'),(241,'2016-05-17 20:55:21','error','Notice: Undefined index: urlPath in {file}:{line}','{\"file\":\"D:\\\\Mierdas variaas\\\\Oldenburg\\\\src\\\\Plugin\\\\Noticias\\\\Widget\\\\Noticias\\\\skin\\\\default.php\",\"line\":39}'),(242,'2016-05-17 20:55:21','error','Notice: Undefined index: urlPath in {file}:{line}','{\"file\":\"D:\\\\Mierdas variaas\\\\Oldenburg\\\\src\\\\Plugin\\\\Noticias\\\\Widget\\\\Noticias\\\\skin\\\\default.php\",\"line\":39}'),(243,'2016-05-17 20:55:21','error','Notice: Undefined index: urlPath in {file}:{line}','{\"file\":\"D:\\\\Mierdas variaas\\\\Oldenburg\\\\src\\\\Plugin\\\\Noticias\\\\Widget\\\\Noticias\\\\skin\\\\default.php\",\"line\":39}'),(244,'2016-05-17 20:55:59','error','Notice: Undefined index: urlPath in {file}:{line}','{\"file\":\"D:\\\\Mierdas variaas\\\\Oldenburg\\\\src\\\\Plugin\\\\Noticias\\\\Widget\\\\Noticias\\\\skin\\\\default.php\",\"line\":39}'),(245,'2016-05-17 20:55:59','error','Notice: Undefined index: urlPath in {file}:{line}','{\"file\":\"D:\\\\Mierdas variaas\\\\Oldenburg\\\\src\\\\Plugin\\\\Noticias\\\\Widget\\\\Noticias\\\\skin\\\\default.php\",\"line\":39}'),(246,'2016-05-17 20:55:59','error','Notice: Undefined index: urlPath in {file}:{line}','{\"file\":\"D:\\\\Mierdas variaas\\\\Oldenburg\\\\src\\\\Plugin\\\\Noticias\\\\Widget\\\\Noticias\\\\skin\\\\default.php\",\"line\":39}'),(247,'2016-05-17 20:55:59','error','Notice: Undefined index: urlPath in {file}:{line}','{\"file\":\"D:\\\\Mierdas variaas\\\\Oldenburg\\\\src\\\\Plugin\\\\Noticias\\\\Widget\\\\Noticias\\\\skin\\\\default.php\",\"line\":39}'),(248,'2016-05-17 21:00:10','info','Cron.started','{\"firstTimeThisYear\":false,\"firstTimeThisMonth\":false,\"firstTimeThisWeek\":false,\"firstTimeThisDay\":false,\"firstTimeThisHour\":true,\"lastTime\":1463508713,\"test\":null}'),(249,'2016-05-17 21:00:10','info','Cron.finished','[]'),(250,'2016-05-17 21:04:08','error','Notice: Array to string conversion in {file}:{line}','{\"file\":\"D:\\\\Mierdas variaas\\\\Oldenburg\\\\src\\\\Theme\\\\Oldenburg\\\\news_inner.php\",\"line\":9}'),(251,'2016-05-17 21:09:24','error','Notice: Undefined variable: i in {file}:{line}','{\"file\":\"D:\\\\Mierdas variaas\\\\Oldenburg\\\\src\\\\Theme\\\\Oldenburg\\\\news_inner.php\",\"line\":13}'),(252,'2016-05-17 21:09:24','error','Notice: Undefined index:  in {file}:{line}','{\"file\":\"D:\\\\Mierdas variaas\\\\Oldenburg\\\\src\\\\Theme\\\\Oldenburg\\\\news_inner.php\",\"line\":13}'),(253,'2016-05-17 21:09:45','error','Notice: Undefined variable: i in {file}:{line}','{\"file\":\"D:\\\\Mierdas variaas\\\\Oldenburg\\\\src\\\\Theme\\\\Oldenburg\\\\news_inner.php\",\"line\":13}'),(254,'2016-05-17 21:09:45','error','Notice: Undefined index:  in {file}:{line}','{\"file\":\"D:\\\\Mierdas variaas\\\\Oldenburg\\\\src\\\\Theme\\\\Oldenburg\\\\news_inner.php\",\"line\":13}'),(255,'2016-05-17 21:15:07','info','Admin.loggedIn: {username} from {ip}','{\"username\":\"admin\",\"ip\":\"127.0.0.1\"}'),(256,'2016-05-17 21:17:43','info','Admin.loggedIn: {username} from {ip}','{\"username\":\"admin\",\"ip\":\"127.0.0.1\"}'),(257,'2016-05-17 22:08:38','info','Cron.started','{\"firstTimeThisYear\":false,\"firstTimeThisMonth\":false,\"firstTimeThisWeek\":false,\"firstTimeThisDay\":false,\"firstTimeThisHour\":true,\"lastTime\":1463511610,\"test\":null}'),(258,'2016-05-17 22:08:38','info','Cron.finished','[]'),(259,'2016-05-18 01:21:57','info','Cron.started','{\"firstTimeThisYear\":false,\"firstTimeThisMonth\":false,\"firstTimeThisWeek\":true,\"firstTimeThisDay\":true,\"firstTimeThisHour\":true,\"lastTime\":1463515718,\"test\":null}'),(260,'2016-05-18 01:21:58','info','Cron.finished','[]'),(261,'2016-05-18 16:43:39','info','Cron.started','{\"firstTimeThisYear\":false,\"firstTimeThisMonth\":false,\"firstTimeThisWeek\":false,\"firstTimeThisDay\":false,\"firstTimeThisHour\":true,\"lastTime\":1463527318,\"test\":null}'),(262,'2016-05-18 16:43:39','info','Cron.finished','[]'),(263,'2016-05-18 16:48:15','info','Admin.loggedIn: {username} from {ip}','{\"username\":\"admin\",\"ip\":\"127.0.0.1\"}'),(264,'2016-05-18 17:01:39','info','Cron.started','{\"firstTimeThisYear\":false,\"firstTimeThisMonth\":false,\"firstTimeThisWeek\":false,\"firstTimeThisDay\":false,\"firstTimeThisHour\":true,\"lastTime\":1463582619,\"test\":null}'),(265,'2016-05-18 17:01:39','info','Cron.finished','[]'),(266,'2016-05-18 17:40:20','info','Ip.pluginActivated: {plugin} {version} activated.','{\"plugin\":\"Carta\",\"version\":\"1.00\"}'),(267,'2016-05-18 17:40:48','info','Ip.pluginDeactivated: {plugin} {version} deactivated.','{\"plugin\":\"Carta\",\"version\":\"1.00\"}'),(268,'2016-05-18 17:40:50','info','Ip.pluginActivated: {plugin} {version} activated.','{\"plugin\":\"Carta\",\"version\":\"1.00\"}'),(269,'2016-05-18 17:41:20','info','Ip.pluginDeactivated: {plugin} {version} deactivated.','{\"plugin\":\"Application\",\"version\":\"1.00\"}'),(270,'2016-05-18 17:41:23','info','Ip.pluginDeactivated: {plugin} {version} deactivated.','{\"plugin\":\"Carta\",\"version\":\"1.00\"}'),(271,'2016-05-18 17:41:29','info','Ip.pluginActivated: {plugin} {version} activated.','{\"plugin\":\"Carta\",\"version\":\"1.00\"}'),(272,'2016-05-18 17:48:15','info','Ip.pluginActivated: {plugin} {version} activated.','{\"plugin\":\"Application\",\"version\":\"1.00\"}'),(273,'2016-05-18 17:48:53','info','Ip.pluginActivated: {plugin} {version} activated.','{\"plugin\":\"Contenido\",\"version\":\"1\"}'),(274,'2016-05-18 18:26:32','info','Cron.started','{\"firstTimeThisYear\":false,\"firstTimeThisMonth\":false,\"firstTimeThisWeek\":false,\"firstTimeThisDay\":false,\"firstTimeThisHour\":true,\"lastTime\":1463583699,\"test\":null}'),(275,'2016-05-18 18:26:32','info','Cron.finished','[]'),(276,'2016-05-18 19:18:54','info','Cron.started','{\"firstTimeThisYear\":false,\"firstTimeThisMonth\":false,\"firstTimeThisWeek\":false,\"firstTimeThisDay\":false,\"firstTimeThisHour\":true,\"lastTime\":1463588792,\"test\":null}'),(277,'2016-05-18 19:18:54','info','Cron.finished','[]'),(278,'2016-05-18 20:02:20','info','Cron.started','{\"firstTimeThisYear\":false,\"firstTimeThisMonth\":false,\"firstTimeThisWeek\":false,\"firstTimeThisDay\":false,\"firstTimeThisHour\":true,\"lastTime\":1463591934,\"test\":null}'),(279,'2016-05-18 20:02:20','info','Cron.finished','[]'),(280,'2016-05-18 21:09:48','info','Cron.started','{\"firstTimeThisYear\":false,\"firstTimeThisMonth\":false,\"firstTimeThisWeek\":false,\"firstTimeThisDay\":false,\"firstTimeThisHour\":true,\"lastTime\":1463594540,\"test\":null}'),(281,'2016-05-18 21:09:48','info','Cron.finished','[]'),(282,'2016-05-18 21:37:53','info','Admin.loggedIn: {username} from {ip}','{\"username\":\"admin\",\"ip\":\"127.0.0.1\"}'),(283,'2016-05-18 21:41:19','info','Admin.loggedIn: {username} from {ip}','{\"username\":\"admin\",\"ip\":\"127.0.0.1\"}'),(284,'2016-05-18 21:48:42','info','Admin.loggedIn: {username} from {ip}','{\"username\":\"admin\",\"ip\":\"127.0.0.1\"}'),(285,'2016-05-18 22:00:32','info','Cron.started','{\"firstTimeThisYear\":false,\"firstTimeThisMonth\":false,\"firstTimeThisWeek\":false,\"firstTimeThisDay\":false,\"firstTimeThisHour\":true,\"lastTime\":1463598588,\"test\":null}'),(286,'2016-05-18 22:00:32','info','Cron.finished','[]'),(287,'2016-05-18 23:06:00','info','Cron.started','{\"firstTimeThisYear\":false,\"firstTimeThisMonth\":false,\"firstTimeThisWeek\":false,\"firstTimeThisDay\":false,\"firstTimeThisHour\":true,\"lastTime\":1463601632,\"test\":null}'),(288,'2016-05-18 23:06:00','info','Cron.finished','[]'),(289,'2016-05-19 08:24:26','info','Cron.started','{\"firstTimeThisYear\":false,\"firstTimeThisMonth\":false,\"firstTimeThisWeek\":true,\"firstTimeThisDay\":true,\"firstTimeThisHour\":true,\"lastTime\":1463605560,\"test\":null}'),(290,'2016-05-19 08:24:27','info','Cron.finished','[]'),(291,'2016-05-19 08:25:31','info','Admin.loggedIn: {username} from {ip}','{\"username\":\"admin\",\"ip\":\"127.0.0.1\"}'),(292,'2016-05-19 13:52:12','info','Cron.started','{\"firstTimeThisYear\":false,\"firstTimeThisMonth\":false,\"firstTimeThisWeek\":false,\"firstTimeThisDay\":false,\"firstTimeThisHour\":true,\"lastTime\":1463639067,\"test\":null}'),(293,'2016-05-19 13:52:12','info','Cron.finished','[]'),(294,'2016-05-19 13:53:29','info','Admin.loggedIn: {username} from {ip}','{\"username\":\"admin\",\"ip\":\"127.0.0.1\"}'),(295,'2016-05-19 19:17:47','info','Cron.started','{\"firstTimeThisYear\":false,\"firstTimeThisMonth\":false,\"firstTimeThisWeek\":false,\"firstTimeThisDay\":false,\"firstTimeThisHour\":true,\"lastTime\":1463658732,\"test\":null}'),(296,'2016-05-19 19:17:47','info','Cron.finished','[]'),(297,'2016-05-19 19:28:20','info','Admin.loggedIn: {username} from {ip}','{\"username\":\"admin\",\"ip\":\"127.0.0.1\"}'),(298,'2016-05-19 19:28:32','info','Ip.pluginDeactivated: {plugin} {version} deactivated.','{\"plugin\":\"NewsList\",\"version\":\"1.09\"}'),(299,'2016-05-19 19:28:40','info','Ip.pluginRemoved: {plugin} {version} removed.','{\"plugin\":\"NewsList\",\"version\":\"1.09\"}'),(300,'2016-05-19 19:28:46','info','Ip.pluginActivated: {plugin} {version} activated.','{\"plugin\":\"Eventos\",\"version\":\"1.00\"}'),(301,'2016-05-19 19:29:04','info','Ip.pluginDeactivated: {plugin} {version} deactivated.','{\"plugin\":\"Eventos\",\"version\":\"1.00\"}'),(302,'2016-05-19 19:29:06','info','Ip.pluginActivated: {plugin} {version} activated.','{\"plugin\":\"Eventos\",\"version\":\"1.00\"}'),(303,'2016-05-19 19:37:49','error','Notice: Undefined index: pid in {file}:{line}','{\"file\":\"D:\\\\Mierdas variaas\\\\Oldenburg\\\\src\\\\Plugin\\\\Eventos\\\\Widget\\\\Eventos\\\\skin\\\\default.php\",\"line\":19}'),(304,'2016-05-19 23:16:35','info','Cron.started','{\"firstTimeThisYear\":false,\"firstTimeThisMonth\":false,\"firstTimeThisWeek\":false,\"firstTimeThisDay\":false,\"firstTimeThisHour\":true,\"lastTime\":1463678267,\"test\":null}'),(305,'2016-05-19 23:16:35','info','Cron.finished','[]'),(306,'2016-05-19 23:17:55','info','Admin.loggedIn: {username} from {ip}','{\"username\":\"admin\",\"ip\":\"127.0.0.1\"}'),(307,'2016-05-19 23:22:13','info','Admin.loggedIn: {username} from {ip}','{\"username\":\"admin\",\"ip\":\"127.0.0.1\"}'),(308,'2016-05-24 14:55:50','info','Cron.started','{\"firstTimeThisYear\":false,\"firstTimeThisMonth\":false,\"firstTimeThisWeek\":true,\"firstTimeThisDay\":true,\"firstTimeThisHour\":true,\"lastTime\":1463692595,\"test\":null}'),(309,'2016-05-24 14:55:51','info','Cron.finished','[]'),(310,'2016-05-24 14:56:36','info','Admin.loggedIn: {username} from {ip}','{\"username\":\"admin\",\"ip\":\"127.0.0.1\"}'),(311,'2016-06-08 16:42:42','info','Cron.started','{\"firstTimeThisYear\":false,\"firstTimeThisMonth\":true,\"firstTimeThisWeek\":true,\"firstTimeThisDay\":true,\"firstTimeThisHour\":true,\"lastTime\":1464094551,\"test\":null}'),(312,'2016-06-08 16:42:43','info','Cron.finished','[]'),(313,'2016-06-08 17:17:48','info','Cron.started','{\"firstTimeThisYear\":false,\"firstTimeThisMonth\":false,\"firstTimeThisWeek\":false,\"firstTimeThisDay\":false,\"firstTimeThisHour\":true,\"lastTime\":1465396963,\"test\":null}'),(314,'2016-06-08 17:17:48','info','Cron.finished','[]'),(315,'2016-06-08 18:01:00','info','Cron.started','{\"firstTimeThisYear\":false,\"firstTimeThisMonth\":false,\"firstTimeThisWeek\":false,\"firstTimeThisDay\":false,\"firstTimeThisHour\":true,\"lastTime\":1465399068,\"test\":null}'),(316,'2016-06-08 18:01:00','info','Cron.finished','[]'),(317,'2016-06-08 18:07:51','error','Notice: Undefined index: image in {file}:{line}','{\"file\":\"D:\\\\Mierdas variaas\\\\Oldenburg\\\\src\\\\Plugin\\\\Noticias\\\\Widget\\\\Noticias\\\\skin\\\\default.php\",\"line\":50}'),(318,'2016-06-08 18:07:51','error','Notice: Undefined index: title in {file}:{line}','{\"file\":\"D:\\\\Mierdas variaas\\\\Oldenburg\\\\src\\\\Plugin\\\\Noticias\\\\Widget\\\\Noticias\\\\skin\\\\default.php\",\"line\":55}'),(319,'2016-06-08 18:07:51','error','Notice: Undefined index: text in {file}:{line}','{\"file\":\"D:\\\\Mierdas variaas\\\\Oldenburg\\\\src\\\\Plugin\\\\Noticias\\\\Widget\\\\Noticias\\\\skin\\\\default.php\",\"line\":61}'),(320,'2016-06-08 18:07:51','error','Notice: Undefined index: link in {file}:{line}','{\"file\":\"D:\\\\Mierdas variaas\\\\Oldenburg\\\\src\\\\Plugin\\\\Noticias\\\\Widget\\\\Noticias\\\\skin\\\\default.php\",\"line\":64}'),(321,'2016-06-08 18:07:51','error','Notice: Undefined index: image in {file}:{line}','{\"file\":\"D:\\\\Mierdas variaas\\\\Oldenburg\\\\src\\\\Plugin\\\\Noticias\\\\Widget\\\\Noticias\\\\skin\\\\default.php\",\"line\":50}'),(322,'2016-06-08 18:07:51','error','Notice: Undefined index: title in {file}:{line}','{\"file\":\"D:\\\\Mierdas variaas\\\\Oldenburg\\\\src\\\\Plugin\\\\Noticias\\\\Widget\\\\Noticias\\\\skin\\\\default.php\",\"line\":55}'),(323,'2016-06-08 18:07:51','error','Notice: Undefined index: text in {file}:{line}','{\"file\":\"D:\\\\Mierdas variaas\\\\Oldenburg\\\\src\\\\Plugin\\\\Noticias\\\\Widget\\\\Noticias\\\\skin\\\\default.php\",\"line\":61}'),(324,'2016-06-08 18:07:51','error','Notice: Undefined index: link in {file}:{line}','{\"file\":\"D:\\\\Mierdas variaas\\\\Oldenburg\\\\src\\\\Plugin\\\\Noticias\\\\Widget\\\\Noticias\\\\skin\\\\default.php\",\"line\":64}'),(325,'2016-06-08 18:07:51','error','Notice: Undefined index: image in {file}:{line}','{\"file\":\"D:\\\\Mierdas variaas\\\\Oldenburg\\\\src\\\\Plugin\\\\Noticias\\\\Widget\\\\Noticias\\\\skin\\\\default.php\",\"line\":50}'),(326,'2016-06-08 18:07:51','error','Notice: Undefined index: title in {file}:{line}','{\"file\":\"D:\\\\Mierdas variaas\\\\Oldenburg\\\\src\\\\Plugin\\\\Noticias\\\\Widget\\\\Noticias\\\\skin\\\\default.php\",\"line\":55}'),(327,'2016-06-08 18:07:51','error','Notice: Undefined index: text in {file}:{line}','{\"file\":\"D:\\\\Mierdas variaas\\\\Oldenburg\\\\src\\\\Plugin\\\\Noticias\\\\Widget\\\\Noticias\\\\skin\\\\default.php\",\"line\":61}'),(328,'2016-06-08 18:07:51','error','Notice: Undefined index: link in {file}:{line}','{\"file\":\"D:\\\\Mierdas variaas\\\\Oldenburg\\\\src\\\\Plugin\\\\Noticias\\\\Widget\\\\Noticias\\\\skin\\\\default.php\",\"line\":64}'),(329,'2016-06-08 18:07:51','error','Notice: Undefined index: image in {file}:{line}','{\"file\":\"D:\\\\Mierdas variaas\\\\Oldenburg\\\\src\\\\Plugin\\\\Noticias\\\\Widget\\\\Noticias\\\\skin\\\\default.php\",\"line\":50}'),(330,'2016-06-08 18:07:51','error','Notice: Undefined index: title in {file}:{line}','{\"file\":\"D:\\\\Mierdas variaas\\\\Oldenburg\\\\src\\\\Plugin\\\\Noticias\\\\Widget\\\\Noticias\\\\skin\\\\default.php\",\"line\":55}'),(331,'2016-06-08 18:07:51','error','Notice: Undefined index: text in {file}:{line}','{\"file\":\"D:\\\\Mierdas variaas\\\\Oldenburg\\\\src\\\\Plugin\\\\Noticias\\\\Widget\\\\Noticias\\\\skin\\\\default.php\",\"line\":61}'),(332,'2016-06-08 18:07:51','error','Notice: Undefined index: link in {file}:{line}','{\"file\":\"D:\\\\Mierdas variaas\\\\Oldenburg\\\\src\\\\Plugin\\\\Noticias\\\\Widget\\\\Noticias\\\\skin\\\\default.php\",\"line\":64}'),(333,'2016-06-08 18:07:51','error','Notice: Undefined index: image in {file}:{line}','{\"file\":\"D:\\\\Mierdas variaas\\\\Oldenburg\\\\src\\\\Plugin\\\\Noticias\\\\Widget\\\\Noticias\\\\skin\\\\default.php\",\"line\":50}'),(334,'2016-06-08 18:07:51','error','Notice: Undefined index: title in {file}:{line}','{\"file\":\"D:\\\\Mierdas variaas\\\\Oldenburg\\\\src\\\\Plugin\\\\Noticias\\\\Widget\\\\Noticias\\\\skin\\\\default.php\",\"line\":55}'),(335,'2016-06-08 18:07:51','error','Notice: Undefined index: text in {file}:{line}','{\"file\":\"D:\\\\Mierdas variaas\\\\Oldenburg\\\\src\\\\Plugin\\\\Noticias\\\\Widget\\\\Noticias\\\\skin\\\\default.php\",\"line\":61}'),(336,'2016-06-08 18:07:51','error','Notice: Undefined index: link in {file}:{line}','{\"file\":\"D:\\\\Mierdas variaas\\\\Oldenburg\\\\src\\\\Plugin\\\\Noticias\\\\Widget\\\\Noticias\\\\skin\\\\default.php\",\"line\":64}'),(337,'2016-06-08 18:09:06','error','Notice: Undefined index: image in {file}:{line}','{\"file\":\"D:\\\\Mierdas variaas\\\\Oldenburg\\\\src\\\\Plugin\\\\Noticias\\\\Widget\\\\Noticias\\\\skin\\\\default.php\",\"line\":56}'),(338,'2016-06-08 18:09:06','error','Notice: Undefined index: image in {file}:{line}','{\"file\":\"D:\\\\Mierdas variaas\\\\Oldenburg\\\\src\\\\Plugin\\\\Noticias\\\\Widget\\\\Noticias\\\\skin\\\\default.php\",\"line\":56}'),(339,'2016-06-08 18:09:06','error','Notice: Undefined index: image in {file}:{line}','{\"file\":\"D:\\\\Mierdas variaas\\\\Oldenburg\\\\src\\\\Plugin\\\\Noticias\\\\Widget\\\\Noticias\\\\skin\\\\default.php\",\"line\":56}'),(340,'2016-06-08 18:09:06','error','Notice: Undefined index: image in {file}:{line}','{\"file\":\"D:\\\\Mierdas variaas\\\\Oldenburg\\\\src\\\\Plugin\\\\Noticias\\\\Widget\\\\Noticias\\\\skin\\\\default.php\",\"line\":56}'),(341,'2016-06-08 18:09:06','error','Notice: Undefined index: image in {file}:{line}','{\"file\":\"D:\\\\Mierdas variaas\\\\Oldenburg\\\\src\\\\Plugin\\\\Noticias\\\\Widget\\\\Noticias\\\\skin\\\\default.php\",\"line\":56}'),(342,'2016-06-08 18:09:51','error','Notice: Undefined index: image in {file}:{line}','{\"file\":\"D:\\\\Mierdas variaas\\\\Oldenburg\\\\src\\\\Plugin\\\\Noticias\\\\Widget\\\\Noticias\\\\skin\\\\default.php\",\"line\":56}'),(343,'2016-06-08 18:09:51','error','Notice: Undefined index: image in {file}:{line}','{\"file\":\"D:\\\\Mierdas variaas\\\\Oldenburg\\\\src\\\\Plugin\\\\Noticias\\\\Widget\\\\Noticias\\\\skin\\\\default.php\",\"line\":56}'),(344,'2016-06-08 18:09:51','error','Notice: Undefined index: image in {file}:{line}','{\"file\":\"D:\\\\Mierdas variaas\\\\Oldenburg\\\\src\\\\Plugin\\\\Noticias\\\\Widget\\\\Noticias\\\\skin\\\\default.php\",\"line\":56}'),(345,'2016-06-08 18:09:51','error','Notice: Undefined index: image in {file}:{line}','{\"file\":\"D:\\\\Mierdas variaas\\\\Oldenburg\\\\src\\\\Plugin\\\\Noticias\\\\Widget\\\\Noticias\\\\skin\\\\default.php\",\"line\":56}'),(346,'2016-06-08 18:09:51','error','Notice: Undefined index: image in {file}:{line}','{\"file\":\"D:\\\\Mierdas variaas\\\\Oldenburg\\\\src\\\\Plugin\\\\Noticias\\\\Widget\\\\Noticias\\\\skin\\\\default.php\",\"line\":56}'),(347,'2016-06-08 18:09:59','error','Notice: Undefined index: image in {file}:{line}','{\"file\":\"D:\\\\Mierdas variaas\\\\Oldenburg\\\\src\\\\Plugin\\\\Noticias\\\\Widget\\\\Noticias\\\\skin\\\\default.php\",\"line\":56}'),(348,'2016-06-08 18:09:59','error','Notice: Undefined index: image in {file}:{line}','{\"file\":\"D:\\\\Mierdas variaas\\\\Oldenburg\\\\src\\\\Plugin\\\\Noticias\\\\Widget\\\\Noticias\\\\skin\\\\default.php\",\"line\":56}'),(349,'2016-06-08 18:09:59','error','Notice: Undefined index: image in {file}:{line}','{\"file\":\"D:\\\\Mierdas variaas\\\\Oldenburg\\\\src\\\\Plugin\\\\Noticias\\\\Widget\\\\Noticias\\\\skin\\\\default.php\",\"line\":56}'),(350,'2016-06-08 18:09:59','error','Notice: Undefined index: image in {file}:{line}','{\"file\":\"D:\\\\Mierdas variaas\\\\Oldenburg\\\\src\\\\Plugin\\\\Noticias\\\\Widget\\\\Noticias\\\\skin\\\\default.php\",\"line\":56}'),(351,'2016-06-08 18:09:59','error','Notice: Undefined index: image in {file}:{line}','{\"file\":\"D:\\\\Mierdas variaas\\\\Oldenburg\\\\src\\\\Plugin\\\\Noticias\\\\Widget\\\\Noticias\\\\skin\\\\default.php\",\"line\":56}'),(352,'2016-06-08 18:10:18','error','Notice: Undefined index: image in {file}:{line}','{\"file\":\"D:\\\\Mierdas variaas\\\\Oldenburg\\\\src\\\\Plugin\\\\Noticias\\\\Widget\\\\Noticias\\\\skin\\\\default.php\",\"line\":56}'),(353,'2016-06-08 18:10:18','error','Notice: Undefined index: image in {file}:{line}','{\"file\":\"D:\\\\Mierdas variaas\\\\Oldenburg\\\\src\\\\Plugin\\\\Noticias\\\\Widget\\\\Noticias\\\\skin\\\\default.php\",\"line\":56}'),(354,'2016-06-08 18:10:18','error','Notice: Undefined index: image in {file}:{line}','{\"file\":\"D:\\\\Mierdas variaas\\\\Oldenburg\\\\src\\\\Plugin\\\\Noticias\\\\Widget\\\\Noticias\\\\skin\\\\default.php\",\"line\":56}'),(355,'2016-06-08 18:10:18','error','Notice: Undefined index: image in {file}:{line}','{\"file\":\"D:\\\\Mierdas variaas\\\\Oldenburg\\\\src\\\\Plugin\\\\Noticias\\\\Widget\\\\Noticias\\\\skin\\\\default.php\",\"line\":56}'),(356,'2016-06-08 18:10:18','error','Notice: Undefined index: image in {file}:{line}','{\"file\":\"D:\\\\Mierdas variaas\\\\Oldenburg\\\\src\\\\Plugin\\\\Noticias\\\\Widget\\\\Noticias\\\\skin\\\\default.php\",\"line\":56}'),(357,'2016-06-08 18:12:32','error','Notice: Undefined index: image in {file}:{line}','{\"file\":\"D:\\\\Mierdas variaas\\\\Oldenburg\\\\src\\\\Plugin\\\\Noticias\\\\Widget\\\\Noticias\\\\skin\\\\default.php\",\"line\":58}'),(358,'2016-06-08 18:12:32','error','Notice: Undefined index: image in {file}:{line}','{\"file\":\"D:\\\\Mierdas variaas\\\\Oldenburg\\\\src\\\\Plugin\\\\Noticias\\\\Widget\\\\Noticias\\\\skin\\\\default.php\",\"line\":58}'),(359,'2016-06-08 18:12:32','error','Notice: Undefined index: image in {file}:{line}','{\"file\":\"D:\\\\Mierdas variaas\\\\Oldenburg\\\\src\\\\Plugin\\\\Noticias\\\\Widget\\\\Noticias\\\\skin\\\\default.php\",\"line\":58}'),(360,'2016-06-08 18:12:32','error','Notice: Undefined index: image in {file}:{line}','{\"file\":\"D:\\\\Mierdas variaas\\\\Oldenburg\\\\src\\\\Plugin\\\\Noticias\\\\Widget\\\\Noticias\\\\skin\\\\default.php\",\"line\":58}'),(361,'2016-06-08 18:12:32','error','Notice: Undefined index: image in {file}:{line}','{\"file\":\"D:\\\\Mierdas variaas\\\\Oldenburg\\\\src\\\\Plugin\\\\Noticias\\\\Widget\\\\Noticias\\\\skin\\\\default.php\",\"line\":58}'),(362,'2016-06-08 19:07:58','info','Cron.started','{\"firstTimeThisYear\":false,\"firstTimeThisMonth\":false,\"firstTimeThisWeek\":false,\"firstTimeThisDay\":false,\"firstTimeThisHour\":true,\"lastTime\":1465401660,\"test\":null}'),(363,'2016-06-08 19:07:58','info','Cron.finished','[]'),(364,'2016-06-08 20:07:18','info','Cron.started','{\"firstTimeThisYear\":false,\"firstTimeThisMonth\":false,\"firstTimeThisWeek\":false,\"firstTimeThisDay\":false,\"firstTimeThisHour\":true,\"lastTime\":1465405678,\"test\":null}'),(365,'2016-06-08 20:07:18','info','Cron.finished','[]'),(366,'2016-06-08 21:06:38','info','Cron.started','{\"firstTimeThisYear\":false,\"firstTimeThisMonth\":false,\"firstTimeThisWeek\":false,\"firstTimeThisDay\":false,\"firstTimeThisHour\":true,\"lastTime\":1465409238,\"test\":null}'),(367,'2016-06-08 21:06:38','info','Cron.finished','[]'),(368,'2016-06-08 22:05:58','info','Cron.started','{\"firstTimeThisYear\":false,\"firstTimeThisMonth\":false,\"firstTimeThisWeek\":false,\"firstTimeThisDay\":false,\"firstTimeThisHour\":true,\"lastTime\":1465412798,\"test\":null}'),(369,'2016-06-08 22:05:58','info','Cron.finished','[]'),(370,'2016-06-08 23:05:18','info','Cron.started','{\"firstTimeThisYear\":false,\"firstTimeThisMonth\":false,\"firstTimeThisWeek\":false,\"firstTimeThisDay\":false,\"firstTimeThisHour\":true,\"lastTime\":1465416358,\"test\":null}'),(371,'2016-06-08 23:05:18','info','Cron.finished','[]'),(372,'2016-06-08 23:55:03','info','Admin.loggedIn: {username} from {ip}','{\"username\":\"admin\",\"ip\":\"127.0.0.1\"}'),(373,'2016-06-08 23:55:04','error','Warning: require_once(Plugin/Contenido/SlugField.php): failed to open stream: No such file or directory in {file}:{line}','{\"file\":\"D:\\\\Mierdas variaas\\\\Oldenburg\\\\src\\\\Plugin\\\\Noticias\\\\AdminController.php\",\"line\":5}'),(374,'2016-06-08 23:55:35','info','Admin.loggedIn: {username} from {ip}','{\"username\":\"admin\",\"ip\":\"127.0.0.1\"}'),(375,'2016-06-09 00:02:53','info','Cron.started','{\"firstTimeThisYear\":false,\"firstTimeThisMonth\":false,\"firstTimeThisWeek\":true,\"firstTimeThisDay\":true,\"firstTimeThisHour\":true,\"lastTime\":1465419918,\"test\":null}'),(376,'2016-06-09 00:02:54','info','Cron.finished','[]'),(377,'2016-06-09 07:55:56','info','Cron.started','{\"firstTimeThisYear\":false,\"firstTimeThisMonth\":false,\"firstTimeThisWeek\":false,\"firstTimeThisDay\":false,\"firstTimeThisHour\":true,\"lastTime\":1465423374,\"test\":null}'),(378,'2016-06-09 07:55:56','info','Cron.finished','[]');

/*Table structure for table `ip_noticias` */

DROP TABLE IF EXISTS `ip_noticias`;

CREATE TABLE `ip_noticias` (
  `id` int(11) NOT NULL AUTO_INCREMENT,
  `row_number` double DEFAULT '0',
  `image` varchar(255) DEFAULT NULL,
  `abstract` text,
  `date` timestamp NULL DEFAULT NULL,
  `creation_date` timestamp NULL DEFAULT CURRENT_TIMESTAMP,
  `title` varchar(255) DEFAULT NULL,
  `pid` int(11) DEFAULT NULL,
  `text` text,
  `link` varchar(255) DEFAULT NULL,
  PRIMARY KEY (`id`)
) ENGINE=InnoDB AUTO_INCREMENT=8 DEFAULT CHARSET=utf8;

/*Data for the table `ip_noticias` */

insert  into `ip_noticias`(`id`,`row_number`,`image`,`abstract`,`date`,`creation_date`,`title`,`pid`,`text`,`link`) values (2,0,'jose_luis.jpg','Famosa por figurar en el libro Guinness como el establecimiento que más variedad de cervezas ofrece por metro cuadrado','0000-00-00 00:00:00','2016-05-17 19:06:19','Bares',20,NULL,NULL),(3,-1,'jose_luis.jpg','Famosa por figurar en el libro Guinness como el establecimiento que más variedad de cervezas ofrece por metro cuadrado','2014-03-09 23:00:00','2016-05-17 19:06:59','2',21,NULL,NULL),(4,0,'jose_luis.jpg','Famosa por figurar en el libro Guinness como el establecimiento que más variedad de cervezas ofrece por metro cuadrado','0000-00-00 00:00:00','2016-05-17 19:06:19','Bares2',20,NULL,NULL),(5,-1,'jose_luis.jpg','Famosa por figurar en el libro Guinness como el establecimiento que más variedad de cervezas ofrece por metro cuadrado','2014-03-09 23:00:00','2016-05-17 19:06:59','Salud Cervecera',21,NULL,NULL),(7,-2,'jose_luis.jpg','Famosa por figurar en el libro Guinness como el establecimiento que más variedad de cervezas ofrece por metro cuadrado','2016-05-12 00:00:00','2016-05-17 21:20:34','Prueba',23,'Fundada hace 25 años, la cervecería Oldenburg (Alburquerque, 13) no sólo es una de las más emblemáticas de Madrid, también es famosa por figurar en el libro Guinness como el establecimiento que más variedad de cervezas ofrece por metro cuadrado. O lo que es lo mismo: en algo menos de 15 m2 es posible encontrar hasta 300 marcas embotelladas y casi media docena de barril. Un espacio diminuto dirigido desde el principio por José Luis Ramírez y que desde hace muy poco cuenta con una sucursal muy cerca de la dirección original.','');

/*Table structure for table `ip_page` */

DROP TABLE IF EXISTS `ip_page`;

CREATE TABLE `ip_page` (
  `id` int(11) NOT NULL AUTO_INCREMENT,
  `languageCode` varchar(6) CHARACTER SET latin1 COLLATE latin1_general_ci DEFAULT NULL,
  `urlPath` varchar(140) DEFAULT NULL,
  `parentId` int(11) DEFAULT NULL,
  `pageOrder` double NOT NULL DEFAULT '0',
  `title` varchar(255) NOT NULL,
  `metaTitle` mediumtext,
  `keywords` mediumtext,
  `description` mediumtext,
  `type` varchar(255) NOT NULL DEFAULT 'default',
  `alias` varchar(255) DEFAULT NULL,
  `layout` varchar(255) DEFAULT NULL,
  `redirectUrl` varchar(255) DEFAULT NULL,
  `isVisible` tinyint(1) NOT NULL DEFAULT '0',
  `isDisabled` tinyint(1) NOT NULL DEFAULT '0',
  `isSecured` tinyint(1) NOT NULL DEFAULT '0',
  `isDeleted` tinyint(1) NOT NULL DEFAULT '0',
  `isBlank` tinyint(1) NOT NULL DEFAULT '0' COMMENT 'Open page in new window',
  `createdAt` timestamp NOT NULL DEFAULT CURRENT_TIMESTAMP,
  `updatedAt` timestamp NULL DEFAULT NULL,
  `deletedAt` timestamp NULL DEFAULT NULL,
  PRIMARY KEY (`id`),
  KEY `url` (`urlPath`,`languageCode`)
) ENGINE=MyISAM AUTO_INCREMENT=24 DEFAULT CHARSET=utf8;

/*Data for the table `ip_page` */

insert  into `ip_page`(`id`,`languageCode`,`urlPath`,`parentId`,`pageOrder`,`title`,`metaTitle`,`keywords`,`description`,`type`,`alias`,`layout`,`redirectUrl`,`isVisible`,`isDisabled`,`isSecured`,`isDeleted`,`isBlank`,`createdAt`,`updatedAt`,`deletedAt`) values (1,'en',NULL,0,0,'Menu1',NULL,NULL,NULL,'default','menu1','main.php',NULL,1,0,0,0,0,'2016-04-26 20:32:41','2016-04-26 20:32:41',NULL),(2,'en',NULL,0,1,'Noticias',NULL,NULL,NULL,'tree','news',NULL,NULL,1,0,0,1,0,'2016-04-26 20:32:41','2016-04-26 20:32:41','2016-05-17 18:54:23'),(3,'en',NULL,0,2,'Menu2',NULL,NULL,NULL,'tree','menu2',NULL,NULL,1,0,0,0,0,'2016-04-26 20:32:41','2016-04-26 20:32:41',NULL),(4,'en','home/',1,0,'Inicio','','','','default','','home.php','',1,0,0,0,0,'2016-04-26 00:00:00','2016-05-19 00:00:00',NULL),(5,'en','#noticias/',1,1,'Noticias','','','','default','',NULL,'',1,0,0,0,0,'2016-04-26 00:00:00','2016-04-26 00:00:00',NULL),(6,'en','page1/',2,0,'Salud Cervecera','','','','default','',NULL,'',1,0,0,2,0,'2016-04-26 00:00:00','2016-04-26 00:00:00','2016-05-17 18:54:23'),(7,'en','page2/',2,1,'Bares para todos los gustos','','','','default','',NULL,'',1,0,0,2,0,'2016-04-26 00:00:00','2016-04-26 00:00:00','2016-05-17 18:54:23'),(8,'en','example1/',3,0,'Example 1',NULL,NULL,NULL,'default',NULL,NULL,NULL,1,0,0,0,0,'2016-04-26 20:32:41','2016-04-26 20:32:41',NULL),(9,'en','example2/',3,1,'Example 2',NULL,NULL,NULL,'default',NULL,NULL,NULL,1,0,0,0,0,'2016-04-26 20:32:41','2016-04-26 20:32:41',NULL),(10,'en','carta/',1,1.5,'Carta',NULL,NULL,NULL,'default',NULL,NULL,NULL,1,0,0,0,0,'2016-04-26 20:39:29','2016-04-26 20:39:29',NULL),(11,'en','catas/',1,2,'Catas',NULL,NULL,NULL,'default',NULL,NULL,NULL,1,0,0,0,0,'2016-04-26 20:39:34','2016-04-26 20:39:34',NULL),(12,'en','pedidos/',1,2.5,'Pedidos',NULL,NULL,NULL,'default',NULL,NULL,NULL,1,0,0,0,0,'2016-04-26 20:39:44','2016-04-26 20:39:44',NULL),(13,'en','opiniones/',1,3.5,'Opiniones',NULL,NULL,NULL,'default',NULL,NULL,NULL,1,0,0,0,0,'2016-04-26 20:39:48','2016-04-26 20:39:48',NULL),(14,'en','contacto/',1,4,'Contacto',NULL,NULL,NULL,'default',NULL,NULL,NULL,1,0,0,0,0,'2016-04-26 20:39:55','2016-04-26 20:39:55',NULL),(15,'es',NULL,0,1,'Menu1',NULL,NULL,NULL,'default','menu1',NULL,NULL,1,0,0,1,0,'2016-04-26 21:46:49','2016-04-26 21:46:49','2016-05-17 16:48:40'),(16,'es',NULL,0,2,'Menu2',NULL,NULL,NULL,'default','menu2',NULL,NULL,1,0,0,1,0,'2016-04-26 21:46:49','2016-04-26 21:46:49','2016-05-17 16:48:40'),(17,'es',NULL,0,3,'Menu3',NULL,NULL,NULL,'default','menu3',NULL,NULL,1,0,0,1,0,'2016-04-26 21:46:49','2016-04-26 21:46:49','2016-05-17 16:48:40'),(18,'en','noticias-2/',0,3,'Noticias',NULL,NULL,NULL,'default','news',NULL,NULL,1,0,0,0,0,'2016-05-17 18:57:37','2016-05-17 18:57:37',NULL),(19,'en','salud-cervecera/',2,1,'salud-cervecera',NULL,NULL,NULL,'default',NULL,'news_inner.php',NULL,1,0,0,0,0,'2016-05-17 19:02:51','2016-05-17 19:02:51',NULL),(20,'en','bares/',0,4,'bares',NULL,NULL,NULL,'default',NULL,'news_inner.php',NULL,1,0,0,0,0,'2016-05-17 19:06:19','2016-05-17 00:00:00',NULL),(21,'en','salud-cervecera-2/',0,5,'salud-cervecera',NULL,NULL,NULL,'default',NULL,'news_inner.php',NULL,1,0,0,0,0,'2016-05-17 19:06:59','2016-05-17 19:06:59',NULL),(22,'en','prueba/',0,6,'prueba',NULL,NULL,NULL,'default',NULL,'news_inner.php',NULL,1,0,0,0,0,'2016-05-17 21:19:05','2016-05-17 21:19:05',NULL),(23,'en','prueba-2/',0,7,'prueba',NULL,NULL,NULL,'default',NULL,'news_inner.php',NULL,1,0,0,0,0,'2016-05-17 21:20:34','2016-05-17 00:00:00',NULL);

/*Table structure for table `ip_page_storage` */

DROP TABLE IF EXISTS `ip_page_storage`;

CREATE TABLE `ip_page_storage` (
  `pageId` int(10) unsigned NOT NULL,
  `key` varchar(255) NOT NULL,
  `value` text NOT NULL,
  UNIQUE KEY `pageKey` (`pageId`,`key`)
) ENGINE=MyISAM DEFAULT CHARSET=utf8;

/*Data for the table `ip_page_storage` */

/*Table structure for table `ip_permission` */

DROP TABLE IF EXISTS `ip_permission`;

CREATE TABLE `ip_permission` (
  `administratorId` int(11) NOT NULL DEFAULT '0',
  `permission` varchar(255) NOT NULL DEFAULT '',
  PRIMARY KEY (`administratorId`,`permission`)
) ENGINE=MyISAM DEFAULT CHARSET=utf8;

/*Data for the table `ip_permission` */

insert  into `ip_permission`(`administratorId`,`permission`) values (1,'Super admin');

/*Table structure for table `ip_plugin` */

DROP TABLE IF EXISTS `ip_plugin`;

CREATE TABLE `ip_plugin` (
  `title` varchar(100) NOT NULL,
  `name` varchar(30) CHARACTER SET utf8 COLLATE utf8_bin NOT NULL,
  `version` decimal(10,2) NOT NULL,
  `isActive` int(11) NOT NULL DEFAULT '1',
  PRIMARY KEY (`name`)
) ENGINE=MyISAM DEFAULT CHARSET=utf8;

/*Data for the table `ip_plugin` */

insert  into `ip_plugin`(`title`,`name`,`version`,`isActive`) values ('Application','Application',1.00,1),('Colorbox','Colorbox',1.00,1),('Noticias','Noticias',1.00,1),('Eventos','Eventos',1.00,1),('Slide Show','SlideShow',1.00,1),('Carta','Carta',1.00,1),('Contenido','Contenido',1.00,1);

/*Table structure for table `ip_repository_file` */

DROP TABLE IF EXISTS `ip_repository_file`;

CREATE TABLE `ip_repository_file` (
  `fileId` int(11) NOT NULL AUTO_INCREMENT,
  `filename` varchar(255) NOT NULL,
  `plugin` varchar(255) NOT NULL,
  `baseDir` varchar(255) NOT NULL,
  `instanceId` int(11) NOT NULL COMMENT 'Unique identificator. Tells in which part of the module the file is used. Teoretically there could be two identical records. The same module binds the same file to the same instance. For example: gallery widget adds the same photo twice.',
  `createdAt` int(11) NOT NULL COMMENT 'Time, when this module started to use this resource.',
  PRIMARY KEY (`fileId`),
  KEY `filename` (`filename`)
) ENGINE=MyISAM AUTO_INCREMENT=68 DEFAULT CHARSET=utf8 COMMENT='File usage table. Track which modules uses which files';

/*Data for the table `ip_repository_file` */

insert  into `ip_repository_file`(`fileId`,`filename`,`plugin`,`baseDir`,`instanceId`,`createdAt`) values (1,'2016_04_15_10_34_46.jpg','Content','file/repository/',7,1461695652),(8,'cerveceria_01.jpg','Table_mr_slider_image','file/repository/',3,1461701793),(4,'anchorlibertyale.png','Table_mr_slider_image','file/repository/',2,1461699872),(5,'2016_04_15_10_34_46.jpg','Content','file/repository/',14,1461701178),(9,'header_logo.png','Table_mr_slider_image','file/repository/',4,1461704304),(10,'cerveceria_01.jpg','Content','file/repository/',16,1463496427),(14,'cerveceria_01.jpg','Content','file/repository/',17,1463496863),(12,'header_logo.png','Content','file/repository/',16,1463496427),(13,'2016_04_15_10_34_46.jpg','Content','file/repository/',16,1463496580),(15,'anchorlibertyale.png','Content','file/repository/',17,1463496863),(16,'header_logo.png','Content','file/repository/',17,1463496863),(17,'cerveceria_01.jpg','Content','file/repository/',18,1463497129),(18,'anchorlibertyale.png','Content','file/repository/',18,1463497129),(19,'cerveceria_01.jpg','Content','file/repository/',19,1463497191),(20,'anchorlibertyale.png','Content','file/repository/',19,1463497191),(21,'anchorlibertyale.png','Content','file/repository/',20,1463497233),(22,'cerveceria_01.jpg','Content','file/repository/',20,1463497245),(23,'anchorlibertyale.png','Content','file/repository/',20,1463497245),(29,'cerveceria_01.jpg','Content','file/repository/',23,1463499577),(25,'anchorlibertyale.png','Content','file/repository/',21,1463497341),(26,'header_logo.png','Content','file/repository/',21,1463497341),(28,'cerveceria_01.jpg','Content','file/repository/',21,1463497478),(30,'header_logo.png','Content','file/repository/',23,1463499577),(31,'anchorlibertyale.png','Content','file/repository/',23,1463499577),(32,'2016_04_15_10_34_46.jpg','Content','file/repository/',26,1463499577),(33,'cerveceria_01.jpg','Table_slideshow_image','file/repository/',1,1463500092),(34,'anchorlibertyale.png','Table_slideshow_image','file/repository/',2,1463500105),(36,'2016_04_15_10_34_46.jpg','Table_slideshow_image','file/repository/',3,1463500482),(37,'2016_04_15_10_34_46.jpg','Content','file/repository/',33,1463500498),(38,'2016_04_15_10_34_46.jpg','Content','file/repository/',39,1463500639),(41,'cerveceria_01.jpg','Table_slideshow_image','file/repository/',7,1463501943),(42,'2016_04_15_10_34_46.jpg','Content','file/repository/',45,1463502210),(43,'2016_04_15_10_34_46.jpg','Content','file/repository/',51,1463502213),(44,'2016_04_15_10_34_46.jpg','Content','file/repository/',57,1463502316),(45,'anchorlibertyale.png','Table_slideshow_image','file/repository/',13,1463502367),(46,'2016_04_15_10_34_46.jpg','Content','file/repository/',63,1463502377),(47,'2016_04_15_10_34_46.jpg','Content','file/repository/',69,1463502380),(48,'2016_04_15_10_34_46.jpg','Content','file/repository/',77,1463503413),(51,'jose_luis.jpg','Table_noticias_image','file/repository/',3,1463504819),(50,'jose_luis.jpg','Table_noticias_image','file/repository/',2,1463504779),(52,'2016_04_15_10_34_46.jpg','Content','file/repository/',86,1463512528),(53,'2016_04_15_10_34_46.jpg','Content','file/repository/',94,1463512531),(55,'jose_luis.jpg','Table_noticias_image','file/repository/',7,1463512834),(56,'belgas.jpg','Table_carta_image','file/repository/',1,1463586241),(57,'07_Belgas_1.pdf','Table_carta_link','file/repository/',1,1463586241),(58,'2016_04_15_10_34_46.jpg','Content','file/repository/',109,1463586996),(59,'2016_04_15_10_34_46.jpg','Content','file/repository/',118,1463600246),(60,'2016_04_15_10_34_46.jpg','Content','file/repository/',127,1463600254),(61,'2016_04_15_10_34_46.jpg','Content','file/repository/',136,1463600499),(62,'2016_04_15_10_34_46.jpg','Content','file/repository/',146,1463600530),(63,'2016_04_15_10_34_46.jpg','Content','file/repository/',155,1463605621),(64,'2016_04_15_10_34_46.jpg','Content','file/repository/',164,1463605834),(66,'diciembre_2013.jpg','Table_eventos_image','file/repository/',1,1463679032),(67,'2016_04_15_10_34_46.jpg','Content','file/repository/',175,1463692963);

/*Table structure for table `ip_repository_reflection` */

DROP TABLE IF EXISTS `ip_repository_reflection`;

CREATE TABLE `ip_repository_reflection` (
  `reflectionId` int(11) NOT NULL AUTO_INCREMENT,
  `options` text CHARACTER SET ascii COLLATE ascii_bin NOT NULL,
  `optionsFingerprint` char(32) CHARACTER SET ascii COLLATE ascii_bin NOT NULL COMMENT 'unique cropping options key',
  `original` varchar(255) NOT NULL,
  `reflection` varchar(255) NOT NULL COMMENT 'Cropped version of original file.',
  `createdAt` int(11) NOT NULL,
  PRIMARY KEY (`reflectionId`),
  KEY `optionsFingerprint` (`optionsFingerprint`,`original`)
) ENGINE=MyISAM AUTO_INCREMENT=44 DEFAULT CHARSET=utf8 COMMENT='Cropped versions of original image file';

/*Data for the table `ip_repository_reflection` */

insert  into `ip_repository_reflection`(`reflectionId`,`options`,`optionsFingerprint`,`original`,`reflection`,`createdAt`) values (1,'{\"type\":\"fit\",\"width\":140,\"height\":140,\"forced\":true}','2b122a9be86f44c7b91e28a9c1a58492','2016_04_15_10_34_46.jpg','2016/04/26/2016_04_15_10_34_46_1.jpg',1461695648),(10,'{\"type\":\"fit\",\"width\":140,\"height\":140,\"forced\":true}','2b122a9be86f44c7b91e28a9c1a58492','slider_1.png','2016/04/26/slider_1_1.png',1461704299),(3,'{\"type\":\"copy\"}','917aa60c55ef773dab08a81be8c4b933','2016_04_15_10_34_46.jpg','2016/04/26/2016_04_15_10_34_46_2.jpg',1461695652),(4,'{\"type\":\"fit\",\"width\":1160,\"height\":800,\"forced\":false}','7231323f8a447cf7ba5eb335086a3555','2016_04_15_10_34_46.jpg','2016/04/26/2016_04_15_10_34_46_3.jpg',1461695652),(7,'{\"type\":\"fit\",\"width\":140,\"height\":140,\"forced\":true}','2b122a9be86f44c7b91e28a9c1a58492','header_logo.png','2016/04/26/header_logo.png',1461701323),(6,'{\"type\":\"fit\",\"width\":140,\"height\":140,\"forced\":true}','2b122a9be86f44c7b91e28a9c1a58492','anchorlibertyale.png','2016/04/26/anchorlibertyale.png',1461699868),(9,'{\"type\":\"fit\",\"width\":140,\"height\":140,\"forced\":true}','2b122a9be86f44c7b91e28a9c1a58492','cerveceria_01.jpg','2016/04/26/cerveceria_01.jpg',1461701790),(11,'{\"type\":\"fit\",\"width\":\"2000\",\"height\":\"1300\"}','c8a9d0771de83ffc256aa31204002cfc','cerveceria_01.jpg','2016/05/17/cerveceria_01.jpg',1463496427),(12,'{\"type\":\"center\",\"width\":200,\"height\":200,\"quality\":90}','eb575174915cfd83425d8fe5ef3705d2','cerveceria_01.jpg','2016/05/17/cerveceria_01_1.jpg',1463496427),(13,'{\"type\":\"fit\",\"width\":\"2000\",\"height\":\"1300\"}','c8a9d0771de83ffc256aa31204002cfc','anchorlibertyale.png','2016/05/17/anchorlibertyale.png',1463496427),(14,'{\"type\":\"center\",\"width\":200,\"height\":200,\"quality\":90}','eb575174915cfd83425d8fe5ef3705d2','anchorlibertyale.png','2016/05/17/anchorlibertyale_1.png',1463496427),(15,'{\"type\":\"fit\",\"width\":\"2000\",\"height\":\"1300\"}','c8a9d0771de83ffc256aa31204002cfc','header_logo.png','2016/05/17/header_logo.png',1463496427),(16,'{\"type\":\"center\",\"width\":200,\"height\":200,\"quality\":90}','eb575174915cfd83425d8fe5ef3705d2','header_logo.png','2016/05/17/header_logo_1.png',1463496427),(17,'{\"type\":\"crop\",\"x1\":\"-601\",\"y1\":\"-735\",\"x2\":\"1625\",\"y2\":\"1491\",\"width\":200,\"height\":200,\"quality\":90}','0533a4991d94ef1e5ee5f1e63306f70f','cerveceria_01.jpg','2016/05/17/cerveceria_01.png',1463496567),(18,'{\"type\":\"fit\",\"width\":\"2000\",\"height\":\"1300\"}','c8a9d0771de83ffc256aa31204002cfc','2016_04_15_10_34_46.jpg','2016/05/17/2016_04_15_10_34_46.jpg',1463496580),(19,'{\"type\":\"center\",\"width\":200,\"height\":200,\"quality\":90}','eb575174915cfd83425d8fe5ef3705d2','2016_04_15_10_34_46.jpg','2016/05/17/2016_04_15_10_34_46_1.jpg',1463496580),(20,'{\"type\":\"fit\",\"width\":\"600\",\"height\":\"800\"}','080ba135cde1914f60280de49e76991a','cerveceria_01.jpg','2016/05/17/cerveceria_01_2.jpg',1463497331),(21,'{\"type\":\"center\",\"width\":\"600\",\"height\":\"400\",\"quality\":90}','48fcf2c4fdbb702d7e622ebcc37aaff7','cerveceria_01.jpg','2016/05/17/cerveceria_01_3.jpg',1463497331),(22,'{\"type\":\"fit\",\"width\":\"600\",\"height\":\"800\"}','080ba135cde1914f60280de49e76991a','header_logo.png','2016/05/17/header_logo_2.png',1463497341),(23,'{\"type\":\"center\",\"width\":\"600\",\"height\":\"400\",\"quality\":90}','48fcf2c4fdbb702d7e622ebcc37aaff7','header_logo.png','2016/05/17/header_logo_3.png',1463497341),(24,'{\"type\":\"fit\",\"width\":\"600\",\"height\":\"800\"}','080ba135cde1914f60280de49e76991a','anchorlibertyale.png','2016/05/17/anchorlibertyale_2.png',1463497341),(25,'{\"type\":\"center\",\"width\":\"600\",\"height\":\"400\",\"quality\":90}','48fcf2c4fdbb702d7e622ebcc37aaff7','anchorlibertyale.png','2016/05/17/anchorlibertyale_3.png',1463497341),(26,'{\"type\":\"center\",\"width\":\"600\",\"height\":\"200\",\"quality\":90}','f3b9cecae4d08a3a24801ed81d6e2bf4','header_logo.png','2016/05/17/header_logo_4.png',1463497359),(27,'{\"type\":\"center\",\"width\":\"600\",\"height\":\"200\",\"quality\":90}','f3b9cecae4d08a3a24801ed81d6e2bf4','anchorlibertyale.png','2016/05/17/anchorlibertyale_4.png',1463497359),(28,'{\"type\":\"center\",\"width\":\"600\",\"height\":\"200\",\"quality\":90}','f3b9cecae4d08a3a24801ed81d6e2bf4','cerveceria_01.jpg','2016/05/17/cerveceria_01_4.jpg',1463497359),(29,'{\"type\":\"fit\",\"width\":\"600\",\"height\":\"800\"}','080ba135cde1914f60280de49e76991a','2016_04_15_10_34_46.jpg','2016/05/17/2016_04_15_10_34_46_2.jpg',1463497430),(30,'{\"type\":\"center\",\"width\":\"600\",\"height\":\"200\",\"quality\":90}','f3b9cecae4d08a3a24801ed81d6e2bf4','2016_04_15_10_34_46.jpg','2016/05/17/2016_04_15_10_34_46_3.jpg',1463497430),(31,'{\"type\":\"crop\",\"x1\":\"-232\",\"y1\":\"-86\",\"x2\":\"750\",\"y2\":\"236\",\"width\":\"600\",\"height\":\"200\",\"quality\":90}','76d744900ab8e3e5f52aa886ece3044c','header_logo.png','2016/05/17/header_logo_5.png',1463497449),(32,'{\"type\":\"crop\",\"x1\":\"-2073\",\"y1\":\"-142\",\"x2\":\"4655\",\"y2\":\"2061\",\"width\":\"600\",\"height\":\"200\",\"quality\":90}','4d098f758c6af36ffcdd38942911e10b','anchorlibertyale.png','2016/05/17/anchorlibertyale_5.png',1463497457),(33,'{\"type\":\"crop\",\"x1\":\"-587\",\"y1\":\"23\",\"x2\":\"1608\",\"y2\":\"742\",\"width\":\"600\",\"height\":\"200\",\"quality\":90}','c90bba8d7fc4b0255e0f19b6eed8b12e','cerveceria_01.jpg','2016/05/17/cerveceria_01_1.png',1463497487),(34,'{\"type\":\"fit\",\"width\":100,\"height\":100}','a648bc94b626e059035cd03457cc7cc8','cerveceria_01.jpg','2016/05/17/preview.jpg',1463500092),(35,'{\"type\":\"fit\",\"width\":100,\"height\":100}','a648bc94b626e059035cd03457cc7cc8','anchorlibertyale.png','2016/05/17/preview.png',1463500105),(36,'{\"type\":\"fit\",\"width\":100,\"height\":100}','a648bc94b626e059035cd03457cc7cc8','2016_04_15_10_34_46.jpg','2016/05/17/preview_1.jpg',1463500127),(37,'{\"type\":\"center\",\"width\":\"1121\",\"height\":\"397\"}','d4050b9ceec050ccbe06fb5a13790538','cerveceria_01.jpg','2016/05/17/cerveceria_01_5.jpg',1463500132),(38,'{\"type\":\"center\",\"width\":\"1121\",\"height\":\"397\"}','d4050b9ceec050ccbe06fb5a13790538','anchorlibertyale.png','2016/05/17/anchorlibertyale_6.png',1463500132),(39,'{\"type\":\"center\",\"width\":\"1121\",\"height\":\"397\"}','d4050b9ceec050ccbe06fb5a13790538','2016_04_15_10_34_46.jpg','2016/05/17/2016_04_15_10_34_46_4.jpg',1463500132),(40,'{\"type\":\"fit\",\"width\":\"200\",\"height\":1000,\"forced\":false}','137e95fdee65c15c72a222b75b299dea','2016_04_15_10_34_46.jpg','2016/05/17/2016_04_15_10_34_46_5.jpg',1463503309),(42,'{\"type\":\"fit\",\"width\":140,\"height\":140,\"forced\":true}','2b122a9be86f44c7b91e28a9c1a58492','jose_luis.jpg','2016/05/17/jose_luis.jpg',1463504532),(43,'{\"type\":\"fit\",\"width\":140,\"height\":140,\"forced\":true}','2b122a9be86f44c7b91e28a9c1a58492','belgas.jpg','2016/05/18/belgas.jpg',1463586155);

/*Table structure for table `ip_revision` */

DROP TABLE IF EXISTS `ip_revision`;

CREATE TABLE `ip_revision` (
  `revisionId` int(11) NOT NULL AUTO_INCREMENT,
  `pageId` int(11) NOT NULL DEFAULT '0',
  `isPublished` tinyint(1) NOT NULL DEFAULT '0',
  `createdAt` timestamp NOT NULL DEFAULT CURRENT_TIMESTAMP,
  PRIMARY KEY (`revisionId`)
) ENGINE=MyISAM AUTO_INCREMENT=35 DEFAULT CHARSET=utf8;

/*Data for the table `ip_revision` */

insert  into `ip_revision`(`revisionId`,`pageId`,`isPublished`,`createdAt`) values (1,4,0,'2016-04-26 20:32:41'),(2,5,1,'2016-04-26 20:32:41'),(3,4,0,'2016-04-26 20:32:44'),(4,4,0,'2016-04-26 22:06:18'),(5,4,0,'2016-05-17 17:39:37'),(6,4,0,'2016-05-17 17:54:58'),(7,4,0,'2016-05-17 17:57:18'),(8,4,0,'2016-05-17 18:23:30'),(9,4,0,'2016-05-17 18:23:33'),(10,4,0,'2016-05-17 18:25:16'),(11,4,0,'2016-05-17 18:26:16'),(12,4,0,'2016-05-17 18:26:20'),(13,4,0,'2016-05-17 18:43:33'),(14,20,0,'2016-05-17 19:06:23'),(15,20,1,'2016-05-17 19:06:23'),(16,21,1,'2016-05-17 21:00:18'),(17,21,0,'2016-05-17 21:00:18'),(18,20,0,'2016-05-17 21:14:19'),(19,4,0,'2016-05-17 21:15:27'),(20,4,0,'2016-05-17 21:15:30'),(21,19,1,'2016-05-17 21:16:48'),(22,22,1,'2016-05-17 21:19:09'),(23,22,0,'2016-05-17 21:19:09'),(24,23,0,'2016-05-17 21:20:36'),(25,23,1,'2016-05-17 21:20:36'),(26,23,0,'2016-05-17 21:20:52'),(27,4,0,'2016-05-18 17:56:36'),(28,4,0,'2016-05-18 21:37:26'),(29,4,0,'2016-05-18 21:37:33'),(30,4,0,'2016-05-18 21:41:39'),(31,4,0,'2016-05-18 21:42:10'),(32,4,0,'2016-05-18 23:07:01'),(33,4,1,'2016-05-18 23:10:34'),(34,4,0,'2016-05-19 23:22:43');

/*Table structure for table `ip_slideshow` */

DROP TABLE IF EXISTS `ip_slideshow`;

CREATE TABLE `ip_slideshow` (
  `id` int(11) NOT NULL AUTO_INCREMENT,
  `widgetId` int(11) DEFAULT NULL,
  `slideshowOrder` double DEFAULT NULL,
  `title` varchar(255) DEFAULT NULL,
  `text` varchar(255) DEFAULT NULL,
  `url` varchar(255) DEFAULT NULL,
  `Enabled` tinyint(1) DEFAULT NULL,
  `image` varchar(255) DEFAULT NULL,
  `lang` varchar(3) DEFAULT NULL,
  `itemOrder` double DEFAULT NULL,
  `isVisible` int(1) DEFAULT NULL,
  PRIMARY KEY (`id`)
) ENGINE=InnoDB AUTO_INCREMENT=40 DEFAULT CHARSET=utf8;

/*Data for the table `ip_slideshow` */

insert  into `ip_slideshow`(`id`,`widgetId`,`slideshowOrder`,`title`,`text`,`url`,`Enabled`,`image`,`lang`,`itemOrder`,`isVisible`) values (1,28,1,'Lorem ipsum','Bienvenidos a la cervecería!','',NULL,'cerveceria_01.jpg',NULL,NULL,1),(2,28,0,'Lorem ipsum','Cerveza del mes','',NULL,'anchorlibertyale.png',NULL,NULL,1),(3,28,-1,'Viaje cofradía','Nos hemos ido a Londres :P','http://jodete',NULL,'2016_04_15_10_34_46.jpg',NULL,NULL,1),(4,30,1,'Lorem ipsum','Bienvenidos a la cervecería!','',NULL,'cerveceria_01.jpg',NULL,NULL,1),(5,30,0,'Lorem ipsum','Cerveza del mes','',NULL,'anchorlibertyale.png',NULL,NULL,1),(6,30,-1,'Viaje cofradía','Nos hemos ido a Londres :P','http://jodete',NULL,'2016_04_15_10_34_46.jpg',NULL,NULL,1),(7,36,1,'Bienvenido a la cervecería Oldenburg!','Aquí podrás encontrar toda la información de la cervecería','Prueba inútil',NULL,'cerveceria_01.jpg',NULL,NULL,1),(10,42,1,'Bienvenido a la cervecería Oldenburg!','Aquí podrás encontrar toda la información de la cervecería','Prueba inútil',NULL,'cerveceria_01.jpg',NULL,NULL,1),(11,48,1,'Bienvenido a la cervecería Oldenburg!','Aquí podrás encontrar toda la información de la cervecería','Prueba inútil',NULL,'cerveceria_01.jpg',NULL,NULL,1),(12,54,1,'Bienvenido a la cervecería Oldenburg!','Aquí podrás encontrar toda la información de la cervecería','Prueba inútil',NULL,'cerveceria_01.jpg',NULL,NULL,1),(13,54,-2,'Cerveza del mes','Anchor Liberty Ale',NULL,NULL,'anchorlibertyale.png',NULL,NULL,1),(14,60,1,'Bienvenido a la cervecería Oldenburg!','Aquí podrás encontrar toda la información de la cervecería','Prueba inútil',NULL,'cerveceria_01.jpg',NULL,NULL,1),(15,60,-2,'Cerveza del mes','Anchor Liberty Ale',NULL,NULL,'anchorlibertyale.png',NULL,NULL,1),(16,66,1,'Bienvenido a la cervecería Oldenburg!','Aquí podrás encontrar toda la información de la cervecería','Prueba inútil',NULL,'cerveceria_01.jpg',NULL,NULL,1),(17,66,-2,'Cerveza del mes','Anchor Liberty Ale',NULL,NULL,'anchorlibertyale.png',NULL,NULL,1),(18,73,1,'Bienvenido a la cervecería Oldenburg!','Aquí podrás encontrar toda la información de la cervecería','Prueba inútil',NULL,'cerveceria_01.jpg',NULL,NULL,1),(19,73,-2,'Cerveza del mes','Anchor Liberty Ale',NULL,NULL,'anchorlibertyale.png',NULL,NULL,1),(20,81,1,'Bienvenido a la cervecería Oldenburg!','Aquí podrás encontrar toda la información de la cervecería','Prueba inútil',NULL,'cerveceria_01.jpg',NULL,NULL,1),(21,81,-2,'Cerveza del mes','Anchor Liberty Ale',NULL,NULL,'anchorlibertyale.png',NULL,NULL,1),(22,89,1,'Bienvenido a la cervecería Oldenburg!','Aquí podrás encontrar toda la información de la cervecería','Prueba inútil',NULL,'cerveceria_01.jpg',NULL,NULL,1),(23,89,-2,'Cerveza del mes','Anchor Liberty Ale',NULL,NULL,'anchorlibertyale.png',NULL,NULL,1),(24,102,1,'Bienvenido a la cervecería Oldenburg!','Aquí podrás encontrar toda la información de la cervecería','Prueba inútil',NULL,'cerveceria_01.jpg',NULL,NULL,1),(25,102,-2,'Cerveza del mes','Anchor Liberty Ale',NULL,NULL,'anchorlibertyale.png',NULL,NULL,1),(26,112,1,'Bienvenido a la cervecería Oldenburg!','Aquí podrás encontrar toda la información de la cervecería','Prueba inútil',NULL,'cerveceria_01.jpg',NULL,NULL,1),(27,112,-2,'Cerveza del mes','Anchor Liberty Ale',NULL,NULL,'anchorlibertyale.png',NULL,NULL,1),(28,121,1,'Bienvenido a la cervecería Oldenburg!','Aquí podrás encontrar toda la información de la cervecería','Prueba inútil',NULL,'cerveceria_01.jpg',NULL,NULL,1),(29,121,-2,'Cerveza del mes','Anchor Liberty Ale',NULL,NULL,'anchorlibertyale.png',NULL,NULL,1),(30,130,1,'Bienvenido a la cervecería Oldenburg!','Aquí podrás encontrar toda la información de la cervecería','Prueba inútil',NULL,'cerveceria_01.jpg',NULL,NULL,1),(31,130,-2,'Cerveza del mes','Anchor Liberty Ale',NULL,NULL,'anchorlibertyale.png',NULL,NULL,1),(32,140,1,'Bienvenido a la cervecería Oldenburg!','Aquí podrás encontrar toda la información de la cervecería','Prueba inútil',NULL,'cerveceria_01.jpg',NULL,NULL,1),(33,140,-2,'Cerveza del mes','Anchor Liberty Ale',NULL,NULL,'anchorlibertyale.png',NULL,NULL,1),(34,149,1,'Bienvenido a la cervecería Oldenburg!','Aquí podrás encontrar toda la información de la cervecería','Prueba inútil',NULL,'cerveceria_01.jpg',NULL,NULL,1),(35,149,-2,'Cerveza del mes','Anchor Liberty Ale',NULL,NULL,'anchorlibertyale.png',NULL,NULL,1),(36,158,1,'Bienvenido a la cervecería Oldenburg!','Aquí podrás encontrar toda la información de la cervecería','Prueba inútil',NULL,'cerveceria_01.jpg',NULL,NULL,1),(37,158,-2,'Cerveza del mes','Anchor Liberty Ale',NULL,NULL,'anchorlibertyale.png',NULL,NULL,1),(38,168,1,'Bienvenido a la cervecería Oldenburg!','Aquí podrás encontrar toda la información de la cervecería','Prueba inútil',NULL,'cerveceria_01.jpg',NULL,NULL,1),(39,168,-2,'Cerveza del mes','Anchor Liberty Ale',NULL,NULL,'anchorlibertyale.png',NULL,NULL,1);

/*Table structure for table `ip_storage` */

DROP TABLE IF EXISTS `ip_storage`;

CREATE TABLE `ip_storage` (
  `plugin` varchar(40) NOT NULL,
  `key` varchar(100) NOT NULL,
  `value` text NOT NULL,
  UNIQUE KEY `pluginkey` (`plugin`,`key`)
) ENGINE=MyISAM DEFAULT CHARSET=utf8;

/*Data for the table `ip_storage` */

insert  into `ip_storage`(`plugin`,`key`,`value`) values ('Admin','failedLogins','[]'),('Config','Config.en.websiteTitle','\"Oldenburg\"'),('Config','Config.en.websiteEmail','\"test@oldenburg.dev\"'),('Config','Config.automaticCron','\"1\"'),('Config','Config.cronPassword','725149'),('Config','Config.defaultImageQuality','80'),('Config','Config.availableFonts','\"Arial,Arial,Helvetica,sans-serif\\nArial Black,Arial Black,Gadget,sans-serif\\nComic Sans MS,Comic Sans MS,cursive\\nCourier New,Courier New,Courier,monospace\\nGeorgia,Georgia,serif\\nImpact,Charcoal,sans-serif\\nLucida Console,Monaco,monospace\\nLucida Sans Unicode,Lucida Grande,sans-serif\\nPalatino Linotype,Book Antiqua,Palatino,serif\\nTahoma,Geneva,sans-serif\\nTimes New Roman,Times,serif\\nTrebuchet MS,Helvetica,sans-serif\\nVerdana,Geneva,sans-serif\\nGill Sans,Geneva,sans-serif\"'),('Config','Config.reservedDirs','[\"file\",\"install\",\"Ip\",\"Plugin\",\"update\",\"Theme\",\"index.php\",\"admin\",\"admin.php\"]'),('Config','Content.widgetGalleryQuality','90'),('Config','Content.widgetImageWidth','1160'),('Config','Content.widgetImageHeight','800'),('Config','Content.widgetGalleryWidth','200'),('Config','Content.widgetGalleryHeight','200'),('Config','Config.lightboxWidth','800'),('Config','Config.lightboxHeight','600'),('Config','Config.trailingSlash','1'),('Config','Design.themeDirs','\"\"'),('Config','Email.hourlyLimit','100'),('Config','Pages.hideNewPages','0'),('Cron','lastExecutionStart','1465451756'),('Cron','lastExecutionEnd','1465451756'),('Ip','version','\"4.6.1\"'),('Ip','dbVersion','82'),('Ip','theme','\"Oldenburg\"'),('Ip','cachedBaseUrl','\"http:\\/\\/oldenburg.dev\\/\"'),('Ip','lastSystemMessageSent','\"ef0a15fb8b1f311092d50d4cef65e5a8\"'),('Ip','lastSystemMessageShown','\"ef0a15fb8b1f311092d50d4cef65e5a8\"'),('Ip','cacheVersion','2'),('Ip','websiteId','\"kt5BI1G6sPbuvuh4k5cITeFKGZT1FZBT\"'),('Ip','getImpressPagesSupport','\"1\"'),('Pages','menu_menu1_default_position_selected','\"bellow\"'),('Config','AsdSlider.imageHeight','\"300\"'),('Config','AsdSlider.imageWidth','\"600\"'),('Config','Config.es.websiteTitle','\"Oldenburg\"'),('Config','Config.es.websiteEmail','\"test@oldenburg.dev\"'),('Config','AsdSlider.bigImageHeight','\"800\"'),('Config','AsdSlider.bigImageWidth','\"600\"'),('Config','SlideShow.imageWidth','\"1121\"'),('Config','SlideShow.imageHeight','\"397\"');

/*Table structure for table `ip_theme_storage` */

DROP TABLE IF EXISTS `ip_theme_storage`;

CREATE TABLE `ip_theme_storage` (
  `theme` varchar(100) NOT NULL,
  `key` varchar(100) NOT NULL,
  `value` varchar(255) NOT NULL,
  UNIQUE KEY `themeKey` (`theme`,`key`)
) ENGINE=MyISAM DEFAULT CHARSET=utf8;

/*Data for the table `ip_theme_storage` */

/*Table structure for table `ip_widget` */

DROP TABLE IF EXISTS `ip_widget`;

CREATE TABLE `ip_widget` (
  `id` int(11) NOT NULL AUTO_INCREMENT,
  `name` varchar(50) NOT NULL,
  `skin` varchar(25) NOT NULL,
  `data` text NOT NULL,
  `revisionId` int(11) NOT NULL,
  `languageId` int(11) NOT NULL,
  `blockName` varchar(25) NOT NULL,
  `position` double NOT NULL,
  `isVisible` tinyint(1) NOT NULL DEFAULT '1',
  `isDeleted` tinyint(1) NOT NULL DEFAULT '0',
  `createdAt` int(11) NOT NULL COMMENT 'unix timestamp',
  `updatedAt` int(11) NOT NULL,
  `deletedAt` int(11) DEFAULT NULL COMMENT 'unix timestamp',
  PRIMARY KEY (`id`)
) ENGINE=MyISAM AUTO_INCREMENT=177 DEFAULT CHARSET=utf8;

/*Data for the table `ip_widget` */

insert  into `ip_widget`(`id`,`name`,`skin`,`data`,`revisionId`,`languageId`,`blockName`,`position`,`isVisible`,`isDeleted`,`createdAt`,`updatedAt`,`deletedAt`) values (1,'Heading','default','{\"title\":\"Home page\",\"level\":\"1\"}',1,0,'main',50,1,0,1461695561,1461695561,NULL),(2,'Text','default','{\"text\":\"<p><span>Lorem ipsum dolor sit amet, consectetur adipiscing elit. Donec accumsan, tellus posuere sodales rhoncus, nulla nulla dignissim leo, ac consectetur elit mauris quis leo. Phasellus odio orci, ultricies sit amet tristique ac, varius at nisi. Vivamus eros massa, aliquet at sem ut, placerat interdum elit. Vivamus nisi augue, auctor eget malesuada vel, pulvinar eget orci. Quisque sit amet posuere augue. Aenean sodales augue non aliquam molestie. Nunc feugiat aliquam orci a aliquet. Aenean fermentum enim a luctus posuere. Mauris elementum facilisis urna, a adipiscing tortor congue vel. Nullam facilisis ultrices quam. Donec nunc orci, ullamcorper hendrerit nunc a, fringilla rhoncus est. Suspendisse laoreet posuere sapien.<\\/span>\\u00a0<\\/p>\"}',1,0,'main',90,1,0,1461695561,1461695561,NULL),(3,'Heading','default','{\"title\":\"Page content\",\"level\":\"1\"}',2,0,'main',50,1,0,1461695561,1461695561,NULL),(4,'Text','default','{\"text\":\"<p><span>Aliquam erat volutpat. Donec rutrum venenatis dignissim. Duis eu neque in neque venenatis tincidunt sit amet sed velit. Pellentesque quis luctus orci. Phasellus sed aliquam risus, eu varius sapien. Etiam ac adipiscing enim, eu molestie erat. Donec sodales pulvinar lorem, ut sagittis purus suscipit nec. In id velit nec nisi porta egestas. Maecenas rutrum felis vel nunc varius, vel ornare lectus dignissim. Maecenas vitae ante dui. Maecenas sollicitudin dolor at enim porttitor, eu placerat nulla adipiscing. Morbi sed varius nisi, sed posuere risus. Ut velit urna, dignissim ac lobortis id, sollicitudin non libero. Donec arcu massa, facilisis ut sapien et, aliquet porta dui.<\\/span>\\u00a0<\\/p>\"}',2,0,'main',90,1,0,1461695561,1461695561,NULL),(5,'Heading','default','{\"title\":\"Home page\",\"level\":\"1\"}',3,0,'main',50,1,0,1461695561,1461695561,NULL),(6,'Text','default','{\"text\":\"<p>asdasdasd<\\/p>\"}',3,0,'main',90,1,0,1461695561,1461695561,NULL),(7,'Image','default','{\"imageOriginal\":\"2016_04_15_10_34_46.jpg\"}',3,0,'main',70,1,0,1461695648,1461695648,NULL),(8,'Image','default','[]',3,0,'main',60,1,0,1461695667,1461695667,NULL),(9,'Slider','default','[]',3,0,'slider',0,1,0,1461699190,1461699190,NULL),(10,'Heading','default','[]',3,0,'slider',-40,1,1,1461699191,1461699191,1461699555),(11,'Slider','default','[]',4,0,'slider',0,1,1,1461699190,1461699190,1463497179),(12,'Heading','default','{\"title\":\"Home page\",\"level\":\"1\"}',4,0,'main',50,1,0,1461695561,1461695561,NULL),(13,'Image','default','[]',4,0,'main',60,1,0,1461695667,1461695667,NULL),(14,'Image','default','{\"imageOriginal\":\"2016_04_15_10_34_46.jpg\"}',4,0,'main',70,1,0,1461695648,1461695648,NULL),(15,'Text','default','{\"text\":\"<p>asdasdasd<\\/p>\"}',4,0,'main',90,1,0,1461695561,1461695561,NULL),(16,'Slider','default','{\"lastEdit\":0,\"widgetId\":\"16\",\"images\":[{\"imageOriginal\":\"cerveceria_01.jpg\",\"title\":\"cerveceria_01.jpg\",\"cropX1\":\"-601\",\"cropY1\":\"-735\",\"cropX2\":\"1625\",\"cropY2\":\"1491\"},{\"imageOriginal\":\"header_logo.png\",\"title\":\"header_logo.png\"},{\"imageOriginal\":\"2016_04_15_10_34_46.jpg\",\"title\":\"2016_04_15_10_34_46.jpg\"}]}',4,0,'slider',40,1,1,1463496415,1463496415,1463496816),(17,'Slider','default','{\"lastEdit\":0,\"widgetId\":\"17\",\"images\":[{\"imageOriginal\":\"cerveceria_01.jpg\",\"title\":\"cerveceria_01.jpg\"},{\"imageOriginal\":\"anchorlibertyale.png\",\"title\":\"anchorlibertyale.png\"},{\"imageOriginal\":\"header_logo.png\",\"title\":\"header_logo.png\"}]}',4,0,'slider',-40,1,1,1463496858,1463496858,1463497116),(18,'Slider','default','{\"lastEdit\":0,\"widgetId\":\"18\",\"images\":[{\"imageOriginal\":\"cerveceria_01.jpg\",\"title\":\"cerveceria_01.jpg\"},{\"imageOriginal\":\"anchorlibertyale.png\",\"title\":\"anchorlibertyale.png\"}]}',4,0,'slider',40,1,1,1463497125,1463497125,1463497182),(19,'Slider','default','{\"lastEdit\":0,\"widgetId\":\"19\",\"images\":[{\"imageOriginal\":\"cerveceria_01.jpg\",\"title\":\"cerveceria_01.jpg\"},{\"imageOriginal\":\"anchorlibertyale.png\",\"title\":\"anchorlibertyale.png\"}]}',4,0,'slider',0,1,0,1463497188,1463497188,NULL),(20,'Slider','default','{\"lastEdit\":0,\"widgetId\":\"20\",\"images\":[{\"imageOriginal\":\"anchorlibertyale.png\",\"title\":\"anchorlibertyale.png\"},{\"imageOriginal\":\"cerveceria_01.jpg\",\"title\":\"cerveceria_01.jpg\"},{\"imageOriginal\":\"anchorlibertyale.png\",\"title\":\"anchorlibertyale.png\"}]}',4,0,'block',0,1,1,1463497230,1463497230,1463497498),(21,'AsdSlider','default','{\"lastEdit\":0,\"options\":{\"width\":\"600\",\"height\":\"200\",\"captions\":\"0\",\"pagination\":\"1\",\"mode\":\"horizontal\"},\"images\":[{\"imageOriginal\":\"cerveceria_01.jpg\",\"title\":\"cerveceria_01.jpg\",\"cropX1\":\"-587\",\"cropY1\":\"23\",\"cropX2\":\"1608\",\"cropY2\":\"742\"},{\"imageOriginal\":\"header_logo.png\",\"title\":\"header_logo.png\",\"cropX1\":\"-232\",\"cropY1\":\"-86\",\"cropX2\":\"750\",\"cropY2\":\"236\"},{\"imageOriginal\":\"anchorlibertyale.png\",\"title\":\"anchorlibertyale.png\",\"cropX1\":\"-2073\",\"cropY1\":\"-142\",\"cropX2\":\"4655\",\"cropY2\":\"2061\"}]}',4,0,'block',40,1,0,1463497308,1463497308,NULL),(22,'Slider','default','{\"lastEdit\":0,\"widgetId\":\"19\",\"images\":[{\"imageOriginal\":\"cerveceria_01.jpg\",\"title\":\"cerveceria_01.jpg\"},{\"imageOriginal\":\"anchorlibertyale.png\",\"title\":\"anchorlibertyale.png\"}]}',5,0,'slider',0,1,0,1463497188,1463497188,NULL),(23,'AsdSlider','default','{\"lastEdit\":0,\"options\":{\"width\":\"600\",\"height\":\"200\",\"captions\":\"0\",\"pagination\":\"1\",\"mode\":\"horizontal\"},\"images\":[{\"imageOriginal\":\"cerveceria_01.jpg\",\"title\":\"cerveceria_01.jpg\",\"cropX1\":\"-587\",\"cropY1\":\"23\",\"cropX2\":\"1608\",\"cropY2\":\"742\"},{\"imageOriginal\":\"header_logo.png\",\"title\":\"header_logo.png\",\"cropX1\":\"-232\",\"cropY1\":\"-86\",\"cropX2\":\"750\",\"cropY2\":\"236\"},{\"imageOriginal\":\"anchorlibertyale.png\",\"title\":\"anchorlibertyale.png\",\"cropX1\":\"-2073\",\"cropY1\":\"-142\",\"cropX2\":\"4655\",\"cropY2\":\"2061\"}]}',5,0,'block',40,1,1,1463497308,1463497308,1463500063),(24,'Heading','default','{\"title\":\"Home page\",\"level\":\"1\"}',5,0,'main',50,1,0,1461695561,1461695561,NULL),(25,'Image','default','[]',5,0,'main',60,1,0,1461695667,1461695667,NULL),(26,'Image','default','{\"imageOriginal\":\"2016_04_15_10_34_46.jpg\"}',5,0,'main',70,1,0,1461695648,1461695648,NULL),(27,'Text','default','{\"text\":\"<p>asdasdasd<\\/p>\"}',5,0,'main',90,1,0,1461695561,1461695561,NULL),(28,'SlideShow','default','[]',5,0,'block',0,1,0,1463500067,1463500067,NULL),(29,'Slider','default','{\"lastEdit\":0,\"widgetId\":\"19\",\"images\":[{\"imageOriginal\":\"cerveceria_01.jpg\",\"title\":\"cerveceria_01.jpg\"},{\"imageOriginal\":\"anchorlibertyale.png\",\"title\":\"anchorlibertyale.png\"}]}',6,0,'slider',0,1,0,1463497188,1463497188,NULL),(30,'SlideShow','default','[]',6,0,'block',0,1,0,1463500067,1463500067,NULL),(35,'Slider','default','{\"lastEdit\":0,\"widgetId\":\"19\",\"images\":[{\"imageOriginal\":\"cerveceria_01.jpg\",\"title\":\"cerveceria_01.jpg\"},{\"imageOriginal\":\"anchorlibertyale.png\",\"title\":\"anchorlibertyale.png\"}]}',7,0,'slider',0,1,0,1463497188,1463497188,NULL),(31,'Heading','default','{\"title\":\"Home page\",\"level\":\"1\"}',6,0,'main',50,1,0,1461695561,1461695561,NULL),(32,'Image','default','[]',6,0,'main',60,1,0,1461695667,1461695667,NULL),(33,'Image','default','{\"imageOriginal\":\"2016_04_15_10_34_46.jpg\"}',6,0,'main',70,1,0,1461695648,1461695648,NULL),(34,'Text','default','{\"text\":\"<p>asdasdasd<\\/p>\"}',6,0,'main',90,1,0,1461695561,1461695561,NULL),(36,'SlideShow','default','[]',7,0,'block',0,1,0,1463500067,1463500067,NULL),(41,'Slider','default','{\"lastEdit\":0,\"widgetId\":\"19\",\"images\":[{\"imageOriginal\":\"cerveceria_01.jpg\",\"title\":\"cerveceria_01.jpg\"},{\"imageOriginal\":\"anchorlibertyale.png\",\"title\":\"anchorlibertyale.png\"}]}',8,0,'slider',0,1,0,1463497188,1463497188,NULL),(37,'Heading','default','{\"title\":\"Home page\",\"level\":\"1\"}',7,0,'main',50,1,0,1461695561,1461695561,NULL),(38,'Image','default','[]',7,0,'main',60,1,0,1461695667,1461695667,NULL),(39,'Image','default','{\"imageOriginal\":\"2016_04_15_10_34_46.jpg\"}',7,0,'main',70,1,0,1461695648,1461695648,NULL),(40,'Text','default','{\"text\":\"<p>asdasdasd<\\/p>\"}',7,0,'main',90,1,0,1461695561,1461695561,NULL),(42,'SlideShow','default','null',8,0,'block',0,1,0,1463500067,1463500067,NULL),(43,'Heading','default','{\"title\":\"Home page\",\"level\":\"1\"}',8,0,'main',50,1,0,1461695561,1461695561,NULL),(44,'Image','default','[]',8,0,'main',60,1,0,1461695667,1461695667,NULL),(45,'Image','default','{\"imageOriginal\":\"2016_04_15_10_34_46.jpg\"}',8,0,'main',70,1,0,1461695648,1461695648,NULL),(46,'Text','default','{\"text\":\"<p>asdasdasd<\\/p>\"}',8,0,'main',90,1,0,1461695561,1461695561,NULL),(47,'Slider','default','{\"lastEdit\":0,\"widgetId\":\"19\",\"images\":[{\"imageOriginal\":\"cerveceria_01.jpg\",\"title\":\"cerveceria_01.jpg\"},{\"imageOriginal\":\"anchorlibertyale.png\",\"title\":\"anchorlibertyale.png\"}]}',9,0,'slider',0,1,0,1463497188,1463497188,NULL),(48,'SlideShow','default','[]',9,0,'block',0,1,0,1463500067,1463500067,NULL),(49,'Heading','default','{\"title\":\"Home page\",\"level\":\"1\"}',9,0,'main',50,1,0,1461695561,1461695561,NULL),(50,'Image','default','[]',9,0,'main',60,1,0,1461695667,1461695667,NULL),(51,'Image','default','{\"imageOriginal\":\"2016_04_15_10_34_46.jpg\"}',9,0,'main',70,1,0,1461695648,1461695648,NULL),(52,'Text','default','{\"text\":\"<p>asdasdasd<\\/p>\"}',9,0,'main',90,1,0,1461695561,1461695561,NULL),(53,'Slider','default','{\"lastEdit\":0,\"widgetId\":\"19\",\"images\":[{\"imageOriginal\":\"cerveceria_01.jpg\",\"title\":\"cerveceria_01.jpg\"},{\"imageOriginal\":\"anchorlibertyale.png\",\"title\":\"anchorlibertyale.png\"}]}',10,0,'slider',0,1,0,1463497188,1463497188,NULL),(54,'SlideShow','default','[]',10,0,'block',0,1,0,1463500067,1463500067,NULL),(59,'Slider','default','{\"lastEdit\":0,\"widgetId\":\"19\",\"images\":[{\"imageOriginal\":\"cerveceria_01.jpg\",\"title\":\"cerveceria_01.jpg\"},{\"imageOriginal\":\"anchorlibertyale.png\",\"title\":\"anchorlibertyale.png\"}]}',11,0,'slider',0,1,0,1463497188,1463497188,NULL),(55,'Heading','default','{\"title\":\"Home page\",\"level\":\"1\"}',10,0,'main',50,1,0,1461695561,1461695561,NULL),(56,'Image','default','[]',10,0,'main',60,1,0,1461695667,1461695667,NULL),(57,'Image','default','{\"imageOriginal\":\"2016_04_15_10_34_46.jpg\"}',10,0,'main',70,1,0,1461695648,1461695648,NULL),(58,'Text','default','{\"text\":\"<p>asdasdasd<\\/p>\"}',10,0,'main',90,1,0,1461695561,1461695561,NULL),(60,'SlideShow','default','null',11,0,'block',0,1,0,1463500067,1463500067,NULL),(61,'Heading','default','{\"title\":\"Home page\",\"level\":\"1\"}',11,0,'main',50,1,0,1461695561,1461695561,NULL),(62,'Image','default','[]',11,0,'main',60,1,0,1461695667,1461695667,NULL),(63,'Image','default','{\"imageOriginal\":\"2016_04_15_10_34_46.jpg\"}',11,0,'main',70,1,0,1461695648,1461695648,NULL),(64,'Text','default','{\"text\":\"<p>asdasdasd<\\/p>\"}',11,0,'main',90,1,0,1461695561,1461695561,NULL),(65,'Slider','default','{\"lastEdit\":0,\"widgetId\":\"19\",\"images\":[{\"imageOriginal\":\"cerveceria_01.jpg\",\"title\":\"cerveceria_01.jpg\"},{\"imageOriginal\":\"anchorlibertyale.png\",\"title\":\"anchorlibertyale.png\"}]}',12,0,'slider',0,1,0,1463497188,1463497188,NULL),(66,'SlideShow','default','null',12,0,'block',0,1,0,1463500067,1463500067,NULL),(67,'Heading','default','{\"title\":\"Home page\",\"level\":\"1\"}',12,0,'main',50,1,0,1461695561,1461695561,NULL),(68,'Image','default','[]',12,0,'main',60,1,0,1461695667,1461695667,NULL),(69,'Image','default','{\"imageOriginal\":\"2016_04_15_10_34_46.jpg\"}',12,0,'main',70,1,0,1461695648,1461695648,NULL),(70,'Text','default','{\"text\":\"<p>asdasdasd<\\/p>\"}',12,0,'main',90,1,0,1461695561,1461695561,NULL),(71,'News','default','{\"imageWidth\":\"200\",\"menu\":\"news\",\"maxItems\":\"5\"}',12,0,'news',0,1,0,1463503288,1463503288,NULL),(72,'Slider','default','{\"lastEdit\":0,\"widgetId\":\"19\",\"images\":[{\"imageOriginal\":\"cerveceria_01.jpg\",\"title\":\"cerveceria_01.jpg\"},{\"imageOriginal\":\"anchorlibertyale.png\",\"title\":\"anchorlibertyale.png\"}]}',13,0,'slider',0,1,0,1463497188,1463497188,NULL),(73,'SlideShow','default','[]',13,0,'block',0,1,0,1463500067,1463500067,NULL),(74,'News','default','{\"imageWidth\":\"200\",\"menu\":\"news\",\"maxItems\":\"5\"}',13,0,'news',0,1,0,1463503288,1463503288,NULL),(75,'Heading','default','{\"title\":\"Home page\",\"level\":\"1\"}',13,0,'main',50,1,0,1461695561,1461695561,NULL),(76,'Image','default','[]',13,0,'main',60,1,0,1461695667,1461695667,NULL),(77,'Image','default','{\"imageOriginal\":\"2016_04_15_10_34_46.jpg\"}',13,0,'main',70,1,0,1461695648,1461695648,NULL),(78,'Text','default','{\"text\":\"<p>asdasdasd<\\/p>\"}',13,0,'main',90,1,0,1461695561,1461695561,NULL),(79,'Noticias','default','[]',13,0,'carta',0,1,0,1463505434,1463505434,NULL),(80,'Slider','default','{\"lastEdit\":0,\"widgetId\":\"19\",\"images\":[{\"imageOriginal\":\"cerveceria_01.jpg\",\"title\":\"cerveceria_01.jpg\"},{\"imageOriginal\":\"anchorlibertyale.png\",\"title\":\"anchorlibertyale.png\"}]}',19,0,'slider',0,1,0,1463497188,1463497188,NULL),(81,'SlideShow','default','null',19,0,'block',0,1,0,1463500067,1463500067,NULL),(82,'News','default','{\"imageWidth\":\"200\",\"menu\":\"news\",\"maxItems\":\"5\"}',19,0,'news',0,1,0,1463503288,1463503288,NULL),(83,'Noticias','default','[]',19,0,'carta',0,1,0,1463505434,1463505434,NULL),(84,'Heading','default','{\"title\":\"Home page\",\"level\":\"1\"}',19,0,'main',50,1,0,1461695561,1461695561,NULL),(85,'Image','default','[]',19,0,'main',60,1,0,1461695667,1461695667,NULL),(86,'Image','default','{\"imageOriginal\":\"2016_04_15_10_34_46.jpg\"}',19,0,'main',70,1,0,1461695648,1461695648,NULL),(87,'Text','default','{\"text\":\"<p>asdasdasd<\\/p>\"}',19,0,'main',90,1,0,1461695561,1461695561,NULL),(88,'Slider','default','{\"lastEdit\":0,\"widgetId\":\"19\",\"images\":[{\"imageOriginal\":\"cerveceria_01.jpg\",\"title\":\"cerveceria_01.jpg\"},{\"imageOriginal\":\"anchorlibertyale.png\",\"title\":\"anchorlibertyale.png\"}]}',20,0,'slider',0,1,0,1463497188,1463497188,NULL),(89,'SlideShow','default','null',20,0,'block',0,1,0,1463500067,1463500067,NULL),(90,'News','default','{\"imageWidth\":\"200\",\"menu\":\"news\",\"maxItems\":\"5\"}',20,0,'news',0,1,0,1463503288,1463503288,NULL),(91,'Noticias','default','[]',20,0,'carta',0,1,1,1463505434,1463505434,1463586881),(92,'Heading','default','{\"title\":\"Home page\",\"level\":\"1\"}',20,0,'main',50,1,0,1461695561,1461695561,NULL),(93,'Image','default','[]',20,0,'main',60,1,0,1461695667,1461695667,NULL),(94,'Image','default','{\"imageOriginal\":\"2016_04_15_10_34_46.jpg\"}',20,0,'main',70,1,0,1461695648,1461695648,NULL),(95,'Text','default','{\"text\":\"<p>asdasdasd<\\/p>\"}',20,0,'main',90,1,0,1461695561,1461695561,NULL),(96,'Carta','default','[]',20,0,'catas',0,1,1,1463586675,1463586675,1463586803),(97,'Heading','default','[]',20,0,'contacto',0,1,0,1463586815,1463586815,NULL),(98,'News','default','[]',20,0,'news',40,1,1,1463586935,1463586935,1463586953),(99,'Noticias','default','[]',20,0,'news',40,1,0,1463586957,1463586957,NULL),(100,'Carta','default','[]',20,0,'carta',0,1,0,1463586989,1463586989,NULL),(101,'Slider','default','{\"lastEdit\":0,\"widgetId\":\"19\",\"images\":[{\"imageOriginal\":\"cerveceria_01.jpg\",\"title\":\"cerveceria_01.jpg\"},{\"imageOriginal\":\"anchorlibertyale.png\",\"title\":\"anchorlibertyale.png\"}]}',27,0,'slider',0,1,0,1463497188,1463497188,NULL),(102,'SlideShow','default','[]',27,0,'block',0,1,0,1463500067,1463500067,NULL),(103,'News','default','{\"imageWidth\":\"200\",\"menu\":\"news\",\"maxItems\":\"5\"}',27,0,'news',0,1,1,1463503288,1463503288,1463591934),(104,'Heading','default','[]',27,0,'contacto',0,1,0,1463586815,1463586815,NULL),(105,'Carta','default','[]',27,0,'carta',0,1,0,1463586989,1463586989,NULL),(106,'Noticias','default','[]',27,0,'news',40,1,0,1463586957,1463586957,NULL),(107,'Heading','default','{\"title\":\"Home page\",\"level\":\"1\"}',27,0,'main',50,1,0,1461695561,1461695561,NULL),(108,'Image','default','[]',27,0,'main',60,1,0,1461695667,1461695667,NULL),(109,'Image','default','{\"imageOriginal\":\"2016_04_15_10_34_46.jpg\"}',27,0,'main',70,1,0,1461695648,1461695648,NULL),(110,'Text','default','{\"text\":\"<p>asdasdasd<\\/p>\"}',27,0,'main',90,1,0,1461695561,1461695561,NULL),(111,'Slider','default','{\"lastEdit\":0,\"widgetId\":\"19\",\"images\":[{\"imageOriginal\":\"cerveceria_01.jpg\",\"title\":\"cerveceria_01.jpg\"},{\"imageOriginal\":\"anchorlibertyale.png\",\"title\":\"anchorlibertyale.png\"}]}',28,0,'slider',0,1,0,1463497188,1463497188,NULL),(112,'SlideShow','default','null',28,0,'block',0,1,0,1463500067,1463500067,NULL),(113,'Heading','default','[]',28,0,'contacto',0,1,0,1463586815,1463586815,NULL),(114,'Carta','default','[]',28,0,'carta',0,1,0,1463586989,1463586989,NULL),(115,'Noticias','default','[]',28,0,'news',40,1,0,1463586957,1463586957,NULL),(116,'Heading','default','{\"title\":\"Home page\",\"level\":\"1\"}',28,0,'main',50,1,0,1461695561,1461695561,NULL),(117,'Image','default','[]',28,0,'main',60,1,0,1461695667,1461695667,NULL),(118,'Image','default','{\"imageOriginal\":\"2016_04_15_10_34_46.jpg\"}',28,0,'main',70,1,0,1461695648,1461695648,NULL),(119,'Text','default','{\"text\":\"<p>asdasdasd<\\/p>\"}',28,0,'main',90,1,0,1461695561,1461695561,NULL),(120,'Slider','default','{\"lastEdit\":0,\"widgetId\":\"19\",\"images\":[{\"imageOriginal\":\"cerveceria_01.jpg\",\"title\":\"cerveceria_01.jpg\"},{\"imageOriginal\":\"anchorlibertyale.png\",\"title\":\"anchorlibertyale.png\"}]}',29,0,'slider',0,1,0,1463497188,1463497188,NULL),(121,'SlideShow','default','null',29,0,'block',0,1,0,1463500067,1463500067,NULL),(122,'Heading','default','[]',29,0,'contacto',0,1,0,1463586815,1463586815,NULL),(123,'Carta','default','[]',29,0,'carta',0,1,0,1463586989,1463586989,NULL),(124,'Noticias','default','[]',29,0,'news',40,1,0,1463586957,1463586957,NULL),(125,'Heading','default','{\"title\":\"Home page\",\"level\":\"1\"}',29,0,'main',50,1,0,1461695561,1461695561,NULL),(126,'Image','default','[]',29,0,'main',60,1,0,1461695667,1461695667,NULL),(127,'Image','default','{\"imageOriginal\":\"2016_04_15_10_34_46.jpg\"}',29,0,'main',70,1,0,1461695648,1461695648,NULL),(128,'Text','default','{\"text\":\"<p>asdasdasd<\\/p>\"}',29,0,'main',90,1,0,1461695561,1461695561,NULL),(129,'Slider','default','{\"lastEdit\":0,\"widgetId\":\"19\",\"images\":[{\"imageOriginal\":\"cerveceria_01.jpg\",\"title\":\"cerveceria_01.jpg\"},{\"imageOriginal\":\"anchorlibertyale.png\",\"title\":\"anchorlibertyale.png\"}]}',30,0,'slider',0,1,0,1463497188,1463497188,NULL),(130,'SlideShow','default','null',30,0,'block',0,1,0,1463500067,1463500067,NULL),(131,'Heading','default','[]',30,0,'contacto',0,1,0,1463586815,1463586815,NULL),(132,'Carta','default','[]',30,0,'carta',0,1,1,1463586989,1463586989,1463600509),(133,'Noticias','default','[]',30,0,'news',40,1,0,1463586957,1463586957,NULL),(134,'Heading','default','{\"title\":\"Home page\",\"level\":\"1\"}',30,0,'main',50,1,0,1461695561,1461695561,NULL),(135,'Image','default','[]',30,0,'main',60,1,0,1461695667,1461695667,NULL),(136,'Image','default','{\"imageOriginal\":\"2016_04_15_10_34_46.jpg\"}',30,0,'main',70,1,0,1461695648,1461695648,NULL),(137,'Text','default','{\"text\":\"<p>asdasdasd<\\/p>\"}',30,0,'main',90,1,0,1461695561,1461695561,NULL),(138,'Carta','default','[]',30,0,'carta',0,1,0,1463600521,1463600521,NULL),(139,'Slider','default','{\"lastEdit\":0,\"widgetId\":\"19\",\"images\":[{\"imageOriginal\":\"cerveceria_01.jpg\",\"title\":\"cerveceria_01.jpg\"},{\"imageOriginal\":\"anchorlibertyale.png\",\"title\":\"anchorlibertyale.png\"}]}',31,0,'slider',0,1,0,1463497188,1463497188,NULL),(140,'SlideShow','default','[]',31,0,'block',0,1,0,1463500067,1463500067,NULL),(141,'Heading','default','[]',31,0,'contacto',0,1,0,1463586815,1463586815,NULL),(142,'Carta','default','[]',31,0,'carta',0,1,0,1463600521,1463600521,NULL),(143,'Noticias','default','[]',31,0,'news',40,1,0,1463586957,1463586957,NULL),(144,'Heading','default','{\"title\":\"Home page\",\"level\":\"1\"}',31,0,'main',50,1,0,1461695561,1461695561,NULL),(145,'Image','default','[]',31,0,'main',60,1,0,1461695667,1461695667,NULL),(146,'Image','default','{\"imageOriginal\":\"2016_04_15_10_34_46.jpg\"}',31,0,'main',70,1,0,1461695648,1461695648,NULL),(147,'Text','default','{\"text\":\"<p>asdasdasd<\\/p>\"}',31,0,'main',90,1,0,1461695561,1461695561,NULL),(148,'Slider','default','{\"lastEdit\":0,\"widgetId\":\"19\",\"images\":[{\"imageOriginal\":\"cerveceria_01.jpg\",\"title\":\"cerveceria_01.jpg\"},{\"imageOriginal\":\"anchorlibertyale.png\",\"title\":\"anchorlibertyale.png\"}]}',32,0,'slider',0,1,0,1463497188,1463497188,NULL),(149,'SlideShow','default','null',32,0,'block',0,1,0,1463500067,1463500067,NULL),(150,'Heading','default','[]',32,0,'contacto',0,1,0,1463586815,1463586815,NULL),(151,'Carta','default','[]',32,0,'carta',0,1,0,1463600521,1463600521,NULL),(152,'Noticias','default','[]',32,0,'news',40,1,0,1463586957,1463586957,NULL),(153,'Heading','default','{\"title\":\"Home page\",\"level\":\"1\"}',32,0,'main',50,1,0,1461695561,1461695561,NULL),(154,'Image','default','[]',32,0,'main',60,1,0,1461695667,1461695667,NULL),(155,'Image','default','{\"imageOriginal\":\"2016_04_15_10_34_46.jpg\"}',32,0,'main',70,1,0,1461695648,1461695648,NULL),(156,'Text','default','{\"text\":\"<p>asdasdasd<\\/p>\"}',32,0,'main',90,1,0,1461695561,1461695561,NULL),(157,'Slider','default','{\"lastEdit\":0,\"widgetId\":\"19\",\"images\":[{\"imageOriginal\":\"cerveceria_01.jpg\",\"title\":\"cerveceria_01.jpg\"},{\"imageOriginal\":\"anchorlibertyale.png\",\"title\":\"anchorlibertyale.png\"}]}',33,0,'slider',0,1,0,1463497188,1463497188,NULL),(158,'SlideShow','default','[]',33,0,'block',0,1,0,1463500067,1463500067,NULL),(159,'Heading','default','[]',33,0,'contacto',0,1,0,1463586815,1463586815,NULL),(160,'Carta','default','[]',33,0,'carta',0,1,0,1463600521,1463600521,NULL),(161,'Noticias','default','[]',33,0,'news',40,1,0,1463586957,1463586957,NULL),(162,'Heading','default','{\"title\":\"Home page\",\"level\":\"1\"}',33,0,'main',50,1,0,1461695561,1461695561,NULL),(163,'Image','default','[]',33,0,'main',60,1,0,1461695667,1461695667,NULL),(164,'Image','default','{\"imageOriginal\":\"2016_04_15_10_34_46.jpg\"}',33,0,'main',70,1,0,1461695648,1461695648,NULL),(165,'Text','default','{\"text\":\"<p>asdasdasd<\\/p>\"}',33,0,'main',90,1,0,1461695561,1461695561,NULL),(166,'Eventos','default','[]',33,0,'eventos',0,1,0,1463679467,1463679467,NULL),(167,'Slider','default','{\"lastEdit\":0,\"widgetId\":\"19\",\"images\":[{\"imageOriginal\":\"cerveceria_01.jpg\",\"title\":\"cerveceria_01.jpg\"},{\"imageOriginal\":\"anchorlibertyale.png\",\"title\":\"anchorlibertyale.png\"}]}',34,0,'slider',0,1,0,1463497188,1463497188,NULL),(168,'SlideShow','default','[]',34,0,'block',0,1,0,1463500067,1463500067,NULL),(169,'Heading','default','[]',34,0,'contacto',0,1,0,1463586815,1463586815,NULL),(170,'Carta','default','[]',34,0,'carta',0,1,0,1463600521,1463600521,NULL),(171,'Eventos','default','[]',34,0,'eventos',0,1,0,1463679467,1463679467,NULL),(172,'Noticias','default','[]',34,0,'news',40,1,0,1463586957,1463586957,NULL),(173,'Heading','default','{\"title\":\"Home page\",\"level\":\"1\"}',34,0,'main',50,1,0,1461695561,1461695561,NULL),(174,'Image','default','[]',34,0,'main',60,1,0,1461695667,1461695667,NULL),(175,'Image','default','{\"imageOriginal\":\"2016_04_15_10_34_46.jpg\"}',34,0,'main',70,1,0,1461695648,1461695648,NULL),(176,'Text','default','{\"text\":\"<p>asdasdasd<\\/p>\"}',34,0,'main',90,1,0,1461695561,1461695561,NULL);

/*Table structure for table `ip_widget_order` */

DROP TABLE IF EXISTS `ip_widget_order`;

CREATE TABLE `ip_widget_order` (
  `widgetName` varchar(255) NOT NULL,
  `priority` int(11) NOT NULL DEFAULT '0',
  UNIQUE KEY `widgetName` (`widgetName`)
) ENGINE=MyISAM DEFAULT CHARSET=utf8;

/*Data for the table `ip_widget_order` */

insert  into `ip_widget_order`(`widgetName`,`priority`) values ('Heading',10),('Text',20),('Divider',30),('Image',40),('Gallery',50),('File',60),('Html',80),('Video',90),('Map',100);

/*!40101 SET SQL_MODE=@OLD_SQL_MODE */;
/*!40014 SET FOREIGN_KEY_CHECKS=@OLD_FOREIGN_KEY_CHECKS */;
/*!40014 SET UNIQUE_CHECKS=@OLD_UNIQUE_CHECKS */;
/*!40111 SET SQL_NOTES=@OLD_SQL_NOTES */;
